,date,close,volume,multiple_volume,per,Volatility_list,Volume_list,S1_score,S2_score,FG_score
0,2021-11-05,388.06,139113487,53984379765.22,-0.4182811978752365,-0.423077638662816,-0.2282257306902294,0.4185870788308693,-0.3140405964347573,0.4671839075392893
1,2021-11-08,387.6,126068904,48864307190.4,-0.1185383703550924,-0.5059144197724195,-0.3196151792543801,0.39680880012165,-0.3243759988463568,0.4678655409791911
2,2021-11-09,388.47,127585302,49563062267.94,0.2244582043343657,-0.6151434819356981,-0.2977723052189441,0.3858855266056697,-0.2798228559651213,0.4730313010453671
3,2021-11-10,384.18,117561127,45164633770.86,-1.1043323808788363,-0.7206144951705767,-0.3809651319807909,0.3623025466060791,-0.4404246774665218,0.460192681860303
4,2021-11-11,384.01,212910236,81759659726.36,-0.0442500911031373,-0.6720300434429572,0.2026080564662526,0.4413222516279119,-0.3931387625551233,0.4567332612333639
5,2021-11-12,388.45,166336516,64613419640.2,1.1562198901070353,-0.782138603002577,-0.033159466116241,0.3980877413601477,-0.2180739941294749,0.4783104741360897
6,2021-11-15,392.37,174938581,68640651026.97,1.0091388853134209,-0.7088310520643817,0.0248602851490344,0.4145036541355816,-0.0561858070987062,0.4941779575598155
7,2021-11-16,392.1,134392007,52695105944.700005,-0.0688126003517086,-0.6809777051873902,-0.2335036830935228,0.3856898264648858,-0.0816729550143096,0.4921255441644004
8,2021-11-17,387.4,146332515,56689216311.0,-1.198673807702133,-0.7879286515433578,-0.1567301509824708,0.3819176496842714,-0.2653366932227577,0.4746874662273308
9,2021-11-18,385.47,130465730,50290624943.100006,-0.498193082085685,-0.7001724546422073,-0.2695196834916867,0.3787884827332632,-0.3281515045731093,0.4689649459891359
10,2021-11-19,388.35,130759482,50780444834.700005,0.7471398552416408,-0.77533935801677,-0.2533277960513242,0.3714166057414882,-0.2032912069921215,0.4811325304304414
11,2021-11-22,395.94,144700874,57292864051.56,1.954422556971802,-0.8036631555116736,-0.1298523252749256,0.3833105649016751,0.0973144712505516,0.5093243350944168
12,2021-11-23,392.96,124508890,48927013414.4,-0.7526392887811317,-0.4283026290448432,-0.2804733433375452,0.4114030034522014,-0.0258477742230627,0.4973415620640547
13,2021-11-24,392.06,128293474,50298739416.44,-0.2290309446253968,-0.4675789496460147,-0.2465636817859631,0.4107321710710028,-0.0657631133679102,0.4932476539526423
14,2021-11-25,388.8,117213378,45572561366.4,-0.8315053818293117,-0.5656656497071189,-0.3365865812947739,0.3872184711247634,-0.1969762110873438,0.4809410319770036
15,2021-11-26,382.05,145771166,55691873970.3,-1.736111111111116,-0.5838908041491055,-0.1332439448144961,0.4103581563795497,-0.4403893548403491,0.4549432172788297
16,2021-11-29,378.36,178592646,67572313540.560005,-0.9658421672555928,-0.3388219832734217,0.0563425897777713,0.4646900758130436,-0.5373719107365893,0.4378945361762885
17,2021-11-30,369.79,258522165,95598911395.35,-2.265038587588541,-0.3429815305965618,0.3846888294309295,0.505213412354296,-0.8134971504178858,0.3986748402964734
18,2021-12-01,379.08,167598673,63533304960.84,2.5122366748695057,0.0467173425845936,-0.0243917418885757,0.5027907000870022,-0.3945334006506704,0.4505700506470216
19,2021-12-02,385.46,150988571,58200054577.66,1.6830220533924134,0.4269905580322232,-0.1096638922685087,0.5396658332204642,-0.1118808300161197,0.4849100186373796
20,2021-12-03,388.03,127840348,49605890234.44,0.6667358480776153,0.5114456575312637,-0.2625020296895274,0.5311179534802171,-0.0164289254615679,0.4978185895233739
21,2021-12-06,388.69,124900731,48547665132.39,0.170089941499385,0.438875680897993,-0.2767710096821665,0.5202630839019783,-0.0027860426464235,0.4996376312786664
22,2021-12-07,391.94,157041371,61550794949.74,0.8361419125781477,0.3418598503116031,-0.0394534841688851,0.5378007957678398,0.1166641650624286,0.5156803766328384
23,2021-12-08,392.96,140133384,55066814576.64,0.2602439148849278,0.2940896660536832,-0.1472222377439906,0.5183584285387116,0.1314934248629022,0.5170335871062434
24,2021-12-09,396.77,159053924,63107825425.48,0.9695643322475522,0.1976721692098026,-0.0118567490623299,0.523226927518434,0.2571537362661767,0.533586784864797
25,2021-12-10,393.79,92722061,36513020401.19,-0.7510648486528604,0.1727356551014257,-0.5453732810015086,0.4534202967624896,0.1032874546094994,0.5117060175958656
26,2021-12-13,393.09,113328182,44548175062.38,-0.1777597196475411,0.1171033353953021,-0.3376426661130963,0.4724325836602757,0.0651725533693368,0.5076968014041485
27,2021-12-14,391.13,116495624,45564933415.12,-0.4986135490600119,0.0149912295503343,-0.3070816277828387,0.4634887002209369,-0.0203919671236158,0.4976371560050782
28,2021-12-15,391.25,88943348,34799084905.0,0.0306803364610308,-0.0668995540254411,-0.5627455452611634,0.4212943625891744,-0.0224155937803154,0.4976391267219378
29,2021-12-16,393.29,94125586,37018651717.94,0.5214057507987313,-0.1729852686203274,-0.4886653401447055,0.4172936739043709,0.0536455373758994,0.5055962521426247
30,2021-12-17,394.57,134697578,53147623351.46,0.3254595845304964,-0.2507020566432767,-0.1245290356267894,0.4530961134662417,0.0977314140412103,0.5110686223470711
31,2021-12-20,386.93,97270477,37636865665.61,-1.9362850698228409,-0.3463320353398199,-0.4581020431030788,0.3994457401946376,-0.2091222401493649,0.4791288877214609
32,2021-12-21,389.38,105997690,41273380532.2,0.6331894657948478,-0.0481753410392295,-0.3568356528511583,0.4493736257637015,-0.0958897164493355,0.4892290891561534
33,2021-12-22,391.29,100313358,39251613851.82,0.4905233961682631,-0.1157179506183044,-0.3970730072454231,0.435901130267034,-0.018599558956452,0.4979731189097837
34,2021-12-23,393.32,105281612,41409363631.84,0.5187968003271148,-0.1991289782963944,-0.3351699912132694,0.433212628811292,0.0576221634270739,0.5062403381802169
35,2021-12-24,395.64,102503125,40554336375.0,0.5898505034068968,-0.2786237987883122,-0.3473669460788692,0.4217511568916023,0.1381872378618747,0.5145660341381186
36,2021-12-27,393.73,103635956,40804584955.880005,-0.4827621069659171,-0.3477856310025409,-0.3329567674069679,0.4149072001988114,0.051525199503209,0.5053443405258724
37,2021-12-28,396.39,169712212,67272223714.68,0.6755898712315522,-0.4296985947875239,0.1585963787906345,0.4661122230003888,0.1484277615161586,0.5172891029359918
38,2021-12-29,392.09,169048470,66282214602.3,-1.0847902318423808,-0.4819195311015593,0.1364894400174731,0.4568212386144892,-0.0290046048382378,0.4966875685838993
39,2021-12-30,389.58,103887032,40472309926.56,-0.6401591471345891,-0.4402484847882036,-0.3479948121751995,0.4014695878795746,-0.1243712968648129,0.4875197694754804
40,2022-01-03,390.88,97581473,38142646166.24,0.3336926946968521,-0.4983235617117942,-0.3972753942336003,0.3880501305068257,-0.0657503774463058,0.4936217353728465
41,2022-01-04,390.75,117160885,45780615813.75,-0.0332582889889465,-0.5950135178468016,-0.2098057801828738,0.3993975877462906,-0.0659784361066405,0.4934124741422468
42,2022-01-05,385.86,175488530,67714004185.8,-1.2514395393474098,-0.7068949547361729,0.1727969684045424,0.4332377517085461,-0.2470099949677203,0.4732719888651071
43,2022-01-06,381.66,152386576,58159860596.16,-1.088477686207434,-0.5902375992490578,0.0182422758460032,0.4285005845746181,-0.38903801374121,0.4584204922020432
44,2022-01-07,386.13,114276571,44125612360.23,1.1711994969344277,-0.5367579335641832,-0.2515973632332952,0.4014555879003152,-0.1903334103593841,0.4809066860817359
45,2022-01-10,382.77,139103010,53244459137.7,-0.8701732577111376,-0.4632249785200842,-0.063267783984208,0.4341884046869634,-0.3028944980708834,0.4671689863685466
46,2022-01-11,384.07,133428702,51245961577.14,0.339629542545139,-0.4749927872623293,-0.099795320912128,0.4281514864781928,-0.231737259285681,0.4752156657755711
47,2022-01-12,389.93,210105987,81926627510.91,1.5257635326893615,-0.5723550716774521,0.3523582941428598,0.4725004028081759,0.0148378127532208,0.5017527109465255
48,2022-01-13,388.45,151714327,58933430323.15,-0.3795553047983069,-0.3717179110232368,0.0207448310318965,0.4561283650010824,-0.0491593314736494,0.4943944934913889
49,2022-01-14,382.85,146048033,55914489434.05,-1.4416269790191727,-0.466867717780171,-0.0320911831053193,0.4376301373893137,-0.2659297173558544,0.47093807922755
50,2022-01-17,379.05,135817575,51481651803.75,-0.992555831265507,-0.3114264642900917,-0.1122355793953897,0.4470422445393148,-0.3920490577737058,0.4562961906904233
51,2022-01-18,376.27,127939028,48139618065.56,-0.7334124785648433,-0.3034455516197826,-0.1749547917269459,0.4401999570816589,-0.4718326123436973,0.4482606934697207
52,2022-01-19,373.54,126170181,47129609410.740005,-0.7255428282881837,-0.3500660506920423,-0.1912841897874325,0.4323312199400656,-0.5451270738954327,0.441352341003285
53,2022-01-20,375.74,114098651,42871427126.74,0.5889596830326083,-0.3965084805637748,-0.2786560249219996,0.4156044368142781,-0.425028955549628,0.4559534927597808
54,2022-01-21,371.49,134237431,49867863242.19,-1.1311012934476006,-0.4648449901777126,-0.1246966601953226,0.4263072937033706,-0.5600059472606204,0.4405982073053583
55,2022-01-24,366.67,112639984,41301702933.28,-1.2974777248378144,-0.4078702452155107,-0.3051690941663616,0.410870082577266,-0.7156415618885037,0.4270161473501793
56,2022-01-25,357.72,142181165,50861046343.8,-2.440886901028172,-0.3061577034876819,-0.0951763565882479,0.4498332424905087,-1.0038209495842931,0.388991819814509
57,2022-01-26,356.26,109342528,38954369025.28,-0.4081404450408277,0.2257268638350609,-0.3526870943239273,0.4841299711888917,-0.9725167206064732,0.3844211160010595
58,2022-01-27,344.06,158318286,54470989481.16,-3.424465278167632,0.1252938434183517,-0.0182660579196616,0.5133784731873363,-1.3691160138203553,0.3311751807630645
59,2022-01-28,353.32,146975846,51929505908.72,2.6913910364471327,0.9447646837998476,-0.0652382483795821,0.6099408044275332,-0.833762715098256,0.3755344620601074
60,2022-02-03,357.06,125482179,44804666833.74,1.0585305105853091,1.255599443365391,-0.2075286712405619,0.6310088465156036,-0.6047555853074348,0.40573957789229
61,2022-02-04,361.79,109788153,39720255873.87,1.3247073321010605,1.1968269230056845,-0.3196334969700629,0.6096491782544526,-0.3860679072407353,0.4414286455690016
62,2022-02-07,358.48,135534006,48586230470.880005,-0.9148953812985416,1.175743546935515,-0.115734031216815,0.6325011894648375,-0.4809680358328485,0.4245279402299431
63,2022-02-08,358.95,133105733,47778302860.35,0.1311091274269094,1.103855464270064,-0.129630431559306,0.6217781290888448,-0.4366715677560114,0.432535735134531
64,2022-02-09,364.02,117910162,42921657171.24,1.4124529878813297,0.9850406050666752,-0.2309160902827836,0.5942655643479865,-0.2253437877514998,0.4665714279170665
65,2022-02-10,366.88,180487876,66217391946.88,0.7856711169716091,0.9900943501552116,0.1934316059240904,0.6479407445099128,-0.0741082735373745,0.4879978635455788
66,2022-02-11,363.94,161469119,58765071168.86,-0.8013519406890546,0.9115367149361026,0.0700560305275746,0.6226990931829597,-0.2136805512527235,0.4667843200703405
67,2022-02-14,358.39,146971729,52673197956.31,-1.524976644501841,0.8362503437180887,-0.0393035758435929,0.599618345984312,-0.4416621434968023,0.4341770735577786
68,2022-02-15,355.76,140833154,50102802867.04,-0.7338374396607006,0.8774490695276909,-0.0876027891811941,0.5987307850433121,-0.5188284351687812,0.4229588821777783
69,2022-02-16,362.61,108436280,39320079490.8,1.925455363166196,0.80006440935428,-0.3214062467935016,0.5598322703200973,-0.2310833528430806,0.4677030515610814
70,2022-02-17,364.89,209730967,76528732548.62999,0.6287747166376922,0.93270753678067,0.3291929771029918,0.6577375642354577,-0.0797902879653268,0.4868827431453913
71,2022-02-18,364.0,137053118,49887334952.0,-0.2439091232974255,0.8443619843757717,-0.0965474500633045,0.5934768167890584,-0.1548823431392139,0.4770363962429378
72,2022-02-21,363.76,109544039,39847739626.64,-0.0659340659340701,0.7336418361399275,-0.3128279203166793,0.552601739477906,-0.1842751328159657,0.4745642861117577
73,2022-02-22,359.0,162875958,58472468922.0,-1.3085550912689703,0.6189346861002469,0.067020974863644,0.5857444576204864,-0.3557474207169281,0.4480934139074675
74,2022-02-23,360.05,139928097,50381111324.85,0.2924791086351019,0.6341427376342357,-0.0802764262100922,0.5692332889280179,-0.3001305099339608,0.4573925150800123
75,2022-02-24,350.68,167277164,58660755871.52,-2.602416331065127,0.5255256982321433,0.0682736902684195,0.5742249235625704,-0.6600031711440497,0.4063704546084562
76,2022-02-25,354.1,154972994,54875937175.4,0.9752480894262616,0.9031132686688084,0.0005351251629602,0.6129560492289711,-0.4508075709057018,0.4313549247559234
77,2022-02-28,357.25,237317520,84781684020.0,0.8895792149110404,0.8497602796715358,0.4161296697039801,0.6582362436719396,-0.2678987118517434,0.4560287248580305
78,2022-03-02,356.36,170944083,60917633417.880005,-0.2491252624212681,0.7876469954625762,0.0817996124977963,0.6086808259950466,-0.3145395689222749,0.4522821169847461
79,2022-03-03,362.78,167176676,60648354519.28,1.8015489953979056,0.6756319375866746,0.0739567167194921,0.5936985817882708,-0.0449557570075345,0.4933278537843422
80,2022-03-04,357.54,237190017,84804918678.18001,-1.4444015656871811,0.7935394519818179,0.3916132542816651,0.6481440882829353,-0.2399713939114137,0.4611941891639031
81,2022-03-07,348.91,193155373,67393841193.43001,-2.4137159478659687,0.8213177145263623,0.1554497938166503,0.6220959385428766,-0.5888162420530324,0.4094353270369788
82,2022-03-08,345.28,185897543,64186703647.03999,-1.0403829067668011,1.078429437226307,0.1025203569484959,0.6476187242718504,-0.6759493277438964,0.3922754556364591
83,2022-03-10,353.8,212652188,75236344114.40001,2.467562557924019,1.0254260418886338,0.2510305831117997,0.6595570781250542,-0.2654664537824489,0.4563389151226261
84,2022-03-11,351.28,182548310,64125570336.8,-0.7122668174109781,1.2580476104846154,0.087799537355545,0.6682308934800201,-0.3485281673392525,0.4420374376123377
85,2022-03-14,350.52,163912346,57454555519.92,-0.2163516283306688,1.1659984559617749,-0.0215224083089,0.6430595059566093,-0.3689711972818504,0.4409591181506156
86,2022-03-15,346.98,149108189,51737559419.22,-1.0099281068127297,1.049053527172245,-0.1225480815632339,0.6158131807011263,-0.5040166829629555,0.4230219594152347
87,2022-03-16,352.0,125092760,44032651520.0,1.446769266240122,0.9921951734652904,-0.2756991977170205,0.5895619969685337,-0.2755910188561619,0.4594696267117424
88,2022-03-17,357.37,172536469,61659357926.53,1.5255681818181932,1.002675682793508,0.0585863245710279,0.632657750920567,-0.0204892054898405,0.4967593817109049
89,2022-03-18,358.36,155321051,55660851836.36,0.2770238128550373,1.0255634802837552,-0.0425906489053013,0.6228716039223068,0.0031641942301893,0.5004927215243262
90,2022-03-21,354.87,117142394,41570321358.78,-0.9738810135059728,0.9111791246277062,-0.3251465665196937,0.5732540697635016,-0.1758790718338437,0.4748154820916757
91,2022-03-22,357.76,120703024,43182713866.24,0.8143827317045549,0.8557254589402115,-0.2789959135438434,0.572091193174546,-0.0534655399999915,0.4923538049798028
92,2022-03-23,361.0,137431069,49612615909.0,0.9056350626118091,0.7830655521141624,-0.1361797013136407,0.5808607313500652,0.0754380084873232,0.5109529916790356
93,2022-03-24,359.65,149348495,53713186226.75,-0.3739612188365715,0.724571084638379,-0.0553395280483041,0.5836539445737594,0.0020715056521116,0.5003022605744455
94,2022-03-25,358.28,119074647,42662064527.16,-0.3809259001807286,0.6188964300221991,-0.2776970194973062,0.5426499263156116,-0.0784906985374187,0.4893533665660346
95,2022-03-28,358.3,136535025,48920499457.5,0.0055822261918248,0.5145481959972498,-0.1368595280137279,0.5472110834979402,-0.0786293649742714,0.4892449441940323
96,2022-03-29,359.96,132695450,47765054182.0,0.463298911526655,0.3991090175960669,-0.1562475244298835,0.5303576866457729,-0.0173584881925666,0.49769846434502
97,2022-03-30,360.78,141643855,51102270006.9,0.227803089232137,0.3026393419245114,-0.0863872620397827,0.5270315099855911,0.0081298599500403,0.5010711714525944
98,2022-03-31,361.98,388609487,140668862104.26,0.3326126725428313,0.1921920723982853,0.875623491611712,0.6334769455012497,0.0743832190379721,0.5117778344854576
99,2022-04-01,359.59,446847689,160681960487.50998,-0.6602574727885613,0.0878192678109411,0.9523396472579532,0.6300198643836118,-0.0380193268987626,0.4940120534982389
100,2022-04-04,361.36,171554087,61992784878.32,0.492227258822564,0.0170100479107566,0.0002937111598752,0.502162969883829,0.0047256983251596,0.5005932673980207
101,2022-04-05,361.18,244226348,88209672370.64,-0.049811822005763,-0.0725163487465273,0.3394876480057741,0.5333714124074058,-0.0034716347809583,0.4995370824456459
102,2022-04-06,357.48,176510187,63098861648.76,-1.0244199568082313,-0.187590347174697,0.004770016763923,0.4771474586986532,-0.1713382352497988,0.4795729751109538
103,2022-04-07,352.15,193937391,68295052240.65,-1.4909925030771043,-0.1812755780049359,0.0814580463111147,0.4875228085382723,-0.3795760030258044,0.4538685797355987
104,2022-04-08,352.47,166111896,58549459983.12,0.0908703677410249,-0.048798446041256,-0.0697628129662456,0.4851798426240623,-0.3388449259360786,0.4589921384656513
105,2022-04-11,352.22,131522527,46324864459.94,-0.070928022243033,-0.1636664897935212,-0.2948653303494947,0.442683522482123,-0.3359576758008136,0.4628876487871322
106,2022-04-12,348.84,129717478,45250645025.52,-0.9596275055363312,-0.2788287114764464,-0.3089453480872017,0.4265282425545439,-0.459612635886669,0.4511469127179554
107,2022-04-13,355.37,177428230,63052670095.1,1.8719183579864795,-0.2822923405371758,0.0222897374895058,0.4674996746190412,-0.1450499024174148,0.4830537976030948
108,2022-04-14,353.95,159155308,56333021266.6,-0.3995835326561114,-0.0024032878359916,-0.0872901750682998,0.4887883171369636,-0.1935887862861227,0.4763616506388371
109,2022-04-15,350.49,142642668,49994828707.32,-0.9775392004520378,-0.1021156710237623,-0.200229126455705,0.4622069003150665,-0.3350231369430021,0.4613646692674816
110,2022-04-18,350.25,110996402,38876489800.5,-0.068475562783532,-0.1130118122635687,-0.4394484060473623,0.4309424727111336,-0.3326063491163574,0.464227672699614
111,2022-04-19,353.97,130216350,46092681409.5,1.062098501070663,-0.229736759215438,-0.2612386970299076,0.4386280679693318,-0.1547591832637034,0.4830360831533738
112,2022-04-20,354.12,148872727,52718810085.24,0.042376472582406,-0.2139696038575217,-0.1229517694469462,0.4578848283369415,-0.1383360509465897,0.4841697977474078
113,2022-04-21,355.6,148564837,52829656037.200005,0.4179374223427068,-0.3313179839388748,-0.1170916535081755,0.4439487953191187,-0.0759492332409078,0.4915714058553856
114,2022-04-22,352.05,214761534,75606798044.7,-0.9983127109111424,-0.4261469493562928,0.2322335044861579,0.4757608193912331,-0.2175415572958676,0.474148634680716
115,2022-04-25,345.55,139465955,48192460750.25,-1.8463286464990736,-0.4102887505585784,-0.2115517365112505,0.4222699391162714,-0.4924040167503403,0.4482046214254459
116,2022-04-26,347.33,122916877,42692718888.41,0.5151208218781678,-0.1145083872547375,-0.3232760339614887,0.4452769473479717,-0.3775035239453471,0.4580752662545841
117,2022-04-27,342.97,146757175,50333308309.75001,-1.2552903578729069,-0.1989529402171369,-0.1538484731747067,0.4558998233260195,-0.5340833885011251,0.4394268391306383
118,2022-04-28,347.09,164684493,57160340675.37,1.2012712482141197,-0.1328971217023372,-0.0259460187930596,0.4801446074380754,-0.3152243033239006,0.4622337552965975
119,2022-04-29,351.6,182270799,64086412928.4,1.299374801924591,-0.0860755448089668,0.0851611687742714,0.4998857029956631,-0.1006441371337278,0.4874250110123057
120,2022-05-02,350.53,131468536,46083665924.08,-0.304323094425496,-0.017764379462341,-0.2374591745570076,0.4680970557475814,-0.155545787199735,0.4818054060610909
121,2022-05-03,349.76,132700189,46413218104.64,-0.2196673608535593,-0.1223296089081922,-0.2236070279242492,0.4567579203959448,-0.1866995229950127,0.4786937886742281
122,2022-05-04,350.22,279177321,97773481360.62,0.1315187557182184,-0.2315072662510556,0.498556445676738,0.5333811474282103,-0.137650083316287,0.4816532509119161
123,2022-05-06,345.52,622950942,215242009479.84,-1.3420135914568143,-0.3437136518444549,1.204460530941717,0.6075933598871578,-0.3080691015676086,0.4533409666626046
124,2022-05-09,341.91,256536775,87712488740.25,-1.0448020375086742,-0.2356971387801118,0.2956842584134175,0.5074983899541632,-0.4677064542255323,0.4409369722594286
125,2022-05-10,340.21,249371132,84838552817.72,-0.4972068673042784,-0.2198928454883272,0.2532845533207074,0.5041739634790475,-0.5071325123020366,0.4364252148181863
126,2022-05-11,339.96,184518723,62728985071.08,-0.0734840245730561,-0.3040492178585358,-0.0463719898513093,0.4561973490362693,-0.499144104825567,0.443317654098619
127,2022-05-12,334.47,262823514,87906580727.58,-1.6148958701023508,-0.4177035543331646,0.2807901089741714,0.4828858193301258,-0.690575730951789,0.4173967468349144
128,2022-05-13,341.92,187355684,64060655473.28001,2.227404550482848,-0.2050440643714047,-0.0337696395217934,0.4701482870133502,-0.3278269632673373,0.4615442755888638
129,2022-05-16,340.35,231878012,78919681384.20001,-0.4591717360786118,0.2062798899890633,0.169321554075643,0.5469501805080883,-0.3461863273059009,0.4528042530645975
130,2022-05-17,343.77,171093883,58816944158.91,1.0048479506390429,0.1102529729616538,-0.1201120559143492,0.498767614630913,-0.1989738234721949,0.4752099181180278
131,2022-05-18,344.5,166291214,57287323223.0,0.2123512813799966,0.0964839372126038,-0.1413153301460429,0.4943960758833201,-0.1633640147097758,0.4798193371164116
132,2022-05-19,339.38,196527465,66697491071.7,-1.4862119013062447,-0.014674060989853,0.011044566024868,0.4995463131293768,-0.3769884653492912,0.4530578546248874
133,2022-05-20,345.51,133213782,46026693818.82,1.8062348989333448,0.0997259296777727,-0.3493283445242524,0.46879969814419,-0.1033445907753728,0.4878903903071901
134,2022-05-23,346.61,183164939,63486799506.79,0.3183699458771061,0.2965087190182844,-0.0263030710172945,0.5337757060001237,-0.0357199099543623,0.4952335393558962
135,2022-05-24,340.46,150996891,51408401509.86,-1.7743284960041628,0.1889428961659179,-0.2298655582654524,0.4948846672375582,-0.3183831977836227,0.4606905506329551
136,2022-05-25,342.04,125139646,42802764517.84,0.4640780121012877,0.3625857072521018,-0.4014175748941501,0.495146016544744,-0.2318042011659248,0.4713372277197427
137,2022-05-26,340.77,126445367,43088787712.59,-0.3713016021518078,0.2659487537450855,-0.3835876369751781,0.4852951395962384,-0.2786908375333536,0.466239618700941
138,2022-05-27,344.54,133072930,45848947302.200005,1.1063180444288,0.163564565896423,-0.3121120371525182,0.4814315660929881,-0.1031545489425163,0.4875870870472664
139,2022-05-30,348.87,151012831,52683846350.97,1.2567481279387005,0.1678880955891574,-0.1677126709040725,0.5000219280856356,0.0872574474244681,0.5109059292566989
140,2022-05-31,351.05,266678105,93617348760.25,0.6248745951213941,0.2056050881695597,0.3907583689917249,0.5745454321451606,0.1818272338941113,0.5260932750971627
141,2022-06-02,347.04,196091386,68051554597.44,-1.142287423443955,0.1281285239488795,0.0695756989837172,0.5247130278665746,-0.0254842897689951,0.4966570651000891
142,2022-06-03,348.57,134646639,46933778956.23,0.4408713692946042,0.1430650487998791,-0.293035475088358,0.4812536967139401,0.026030252392416,0.5031317478423364
143,2022-06-07,342.31,135311555,46318498392.05,-1.7959089996270494,0.0481229605776534,-0.2972671678471553,0.4688569740913123,-0.2532213449871103,0.4703536668214012
144,2022-06-08,342.92,123302092,42282753388.64,0.1782010458356575,0.2533254710630902,-0.3775668470288826,0.4844698280042759,-0.2074313297803997,0.4748975672535362
145,2022-06-09,343.35,191391854,65714393070.9,0.1253936778257358,0.1407086062759029,0.0611891018954519,0.5252372135214194,-0.1677240946273388,0.4779904982612048
146,2022-06-10,338.8,136208016,46147275820.8,-1.3251783893985736,0.0264863204391588,-0.2837873406148127,0.4678373724780432,-0.3665065022773757,0.4572383563845472
147,2022-06-13,326.75,163805809,53523548090.75,-3.556670602125156,0.094227150742279,-0.1313192273870257,0.4953634904194066,-0.8540667857466735,0.3957815220360118
148,2022-06-14,325.1,174250564,56648858356.4,-0.5049732211170554,0.9907702304715512,-0.0722559441357456,0.6148142857919757,-0.8149749414671179,0.3772920115212254
149,2022-06-15,319.15,159365415,50861472197.25,-1.830206090433728,0.8875945789119969,-0.1746037545765137,0.5891238530419354,-1.011432066049604,0.3552917156639414
150,2022-06-16,319.14,138751851,44281265728.14,-0.0031333228889263,0.986795125477666,-0.3042489839536142,0.5853182676905064,-0.9271610432987742,0.3675633678993698
151,2022-06-17,317.17,197274709,62569619453.53001,-0.6172839506172756,0.8665051695526743,0.0398241544580979,0.6132911655013465,-0.921323710798206,0.3623821759491901
152,2022-06-20,311.59,151134778,47092085477.02,-1.7593088879780727,0.7737565260020103,-0.2372553576470387,0.5670626460443714,-1.1191222933081568,0.3464654159642602
153,2022-06-21,313.64,120058757,37655228545.48,0.6579158509580019,0.868738852658449,-0.448653360519997,0.5525106865173065,-0.9490142196613842,0.3718378414995991
154,2022-06-22,305.26,161699987,49360538031.62,-2.671853079964293,0.7803576878457678,-0.1728293057056646,0.5759410477675129,-1.2367357195839523,0.3290937234256505
155,2022-06-23,302.58,197731766,59829677756.28,-0.8779401166219003,1.1189699333093988,0.0184554861442151,0.6421781774317017,-1.20624531679919,0.3154796015900044
156,2022-06-24,309.2,137827106,42616141175.2,2.187851146804154,1.0447604210315908,-0.3118946656462003,0.5916082194231738,-0.8492203407303986,0.3769754792333747
157,2022-06-27,313.38,136483261,42771124332.18,1.351875808538172,1.203348006657933,-0.2997112862585354,0.6129545900499247,-0.5811856124842,0.4118699654761547
158,2022-06-28,316.25,117270107,37086671338.75,0.915821047929044,1.1876049102420847,-0.4306540119249736,0.5946188622896389,-0.4320038444798636,0.4361314091065394
159,2022-06-29,310.12,132702473,41153690926.76,-1.9383399209486167,1.1183425961240756,-0.3177079702372063,0.6000793282358586,-0.686339046894547,0.3984667215481674
160,2022-06-30,304.49,143728581,43763915628.69,-1.815426286598732,1.2130991999596556,-0.2491788050290777,0.6204900493663222,-0.8803283970078963,0.3667383556530693
161,2022-07-01,301.39,136341014,41091818209.46,-1.018095832375454,1.2746405010123036,-0.3037365885296852,0.6213629890603273,-0.956255175506594,0.3556759832552559
162,2022-07-04,301.16,128355599,38655572194.84,-0.0763130827167279,1.2206183897223637,-0.3551625828483676,0.6081819758592495,-0.9071708585384924,0.3654642965582329
163,2022-07-05,306.35,110061662,33717390153.7,1.7233364324611422,1.1098610036782546,-0.4793292986613873,0.5788164631271084,-0.630314637382017,0.4097892945724296
164,2022-07-06,299.54,156255459,46804760188.86,-2.2229476089440148,1.169834483016621,-0.1475043038846792,0.6277912723914927,-0.8642560938592322,0.3675893719940386
165,2022-07-07,305.35,126308391,38568267191.850006,1.939640782533214,1.327200347748738,-0.3320815105373114,0.6243898546514284,-0.5347897945630827,0.4172877847400125
166,2022-07-08,307.14,108520280,33330918799.2,0.5862125429834553,1.4060193814892532,-0.4659252749676347,0.6175117633152023,-0.4294027618836481,0.4340953829229874
167,2022-07-11,305.18,94922551,28968464114.18,-0.6381454711206547,1.309633718476166,-0.5915488016319783,0.5897606146055234,-0.5288434417591754,0.4226532263423209
168,2022-07-12,301.97,107070512,32332082508.640003,-1.051838259387894,1.2190261010690584,-0.4696551531469466,0.5936713684902639,-0.6489246213494444,0.404861777151922
169,2022-07-13,303.61,110889577,33667184472.97,0.5431003079776175,1.1708726981168591,-0.4183814816075925,0.5940614020636583,-0.532893742356204,0.4215115007614296
170,2022-07-14,302.46,115966729,35075296853.34,-0.3787754026547296,1.0761896640244712,-0.3678696806375171,0.5885399979233693,-0.5644461836588442,0.4177056310937322
171,2022-07-15,304.49,125245332,38135951140.68,0.6711631290088116,0.9727501832822932,-0.2770737649899318,0.5869595522865452,-0.4399171755769702,0.435802898327184
172,2022-07-18,311.24,113852019,35435302393.56,2.21682157049492,0.8894832450135601,-0.3417163873093786,0.5684708572130227,-0.120536474634655,0.4828763311203334
173,2022-07-19,310.48,95255739,29575001844.72,-0.2441845521141239,1.0959905282711926,-0.5097908199450064,0.5732749635407732,-0.1657932076821059,0.4762565975113991
174,2022-07-20,312.78,113805602,35596116193.56,0.7407884565833411,0.9873180343153924,-0.3164470126891258,0.5838588777032834,-0.0572236941101851,0.4916481364384388
175,2022-07-21,316.25,91222451,28849100128.75,1.109405972248867,0.9108249520066992,-0.5139020441603772,0.5496153634807902,0.0644126123618079,0.5088496160800408
176,2022-07-22,313.94,120586339,37856875265.66,-0.730434782608691,0.8828931742884042,-0.2364371655713388,0.5808070010896331,-0.0509900530273529,0.492596696147789
177,2022-07-25,315.03,94023603,29620255653.09,0.3472001019303006,0.808774556084219,-0.4701262517132213,0.5423310380463747,-0.0369009839901225,0.4949970297358261
178,2022-07-26,316.21,87527181,27676969904.01,0.3745675015077943,0.7058543259087389,-0.525164398018055,0.5225862409863354,-0.0071283221879629,0.4990687103027595
179,2022-07-27,316.32,88689057,28054122510.24,0.0347870086335078,0.6038054843744877,-0.499429385234121,0.5130470123925458,-0.0229565612466023,0.4970555852458931
180,2022-07-28,318.24,131104836,41722803008.64,0.6069802731411222,0.4889686484884621,-0.1012055390291921,0.5484703886824087,0.0696646072163801,0.5095510815884864
181,2022-07-29,320.11,163690816,52399067109.76,0.5876068376068355,0.4068857884002401,0.1197882179354166,0.5658342507919571,0.1428889415440148,0.5202018606019687
182,2022-08-01,319.79,111147238,35543775240.020004,-0.0999656368123491,0.3230708779904678,-0.2619781671723344,0.5076365888522667,0.0801907464188218,0.5101755341065235
183,2022-08-02,318.31,113133823,36011627199.13,-0.4628037149379316,0.2054406703996382,-0.2430953829318473,0.4952931609334738,-0.0115971417971456,0.4985640076935569
184,2022-08-03,320.64,93895638,30106697368.32,0.7319908265527308,0.108848606070407,-0.4119713740200472,0.462109654006295,0.077914364665013,0.5090002727469655
185,2022-08-04,322.33,110170799,35511353641.67,0.5270708582834294,0.0491287065984624,-0.2411833248470179,0.4759931727189305,0.1439845613904288,0.51712721350095
186,2022-08-05,324.43,119887687,38895162293.41,0.6515062203332089,-0.0394833347884848,-0.1473148155237527,0.4766502312109703,0.2204807665247953,0.5262488979811215
187,2022-08-08,324.33,113665684,36865191291.72,-0.0308232900779859,-0.1091453785472156,-0.1965352451602181,0.4617899220365707,0.1864173133182561,0.5215081281963427
188,2022-08-09,325.44,121621764,39580586876.16,0.3422440107298197,-0.2326844821096433,-0.1233568692771724,0.455494831076648,0.2148597618065201,0.5244473676663719
189,2022-08-10,321.77,134971484,43429774406.68,-1.1277040314650932,-0.3404784385482297,-0.0315219392790335,0.4534999527715921,0.0209713629060192,0.5023776101006815
190,2022-08-11,327.34,140037693,45839938426.62,1.731050128974121,-0.2832515623407576,0.019720860058562,0.4670586622147256,0.274760583862324,0.5320383713205858
191,2022-08-12,328.04,138074595,45293990143.8,0.2138449318751289,-0.0101903982991752,0.0055813818571919,0.4994238729447521,0.2807381344504645,0.5349945232345262
192,2022-08-16,329.0,131425519,43238995751.0,0.2926472381416856,-0.1303103141197739,-0.0412593113113409,0.4785537968211106,0.2969120135235926,0.5354624499863819
193,2022-08-17,327.21,105787944,34614873156.24,-0.544072948328278,-0.2447040249518998,-0.2573283565960527,0.4372459523065059,0.1877715546319312,0.5205140659214853
194,2022-08-18,325.79,101500352,33067799678.08,-0.43397206686836,-0.3280445654384628,-0.2956332785624153,0.4220402694998902,0.1066498104160271,0.5112507292987456
195,2022-08-19,323.85,125260656,40565663445.600006,-0.5954756131250183,-0.4267744820360029,-0.0900341563199857,0.4353989202055014,0.0082075948645588,0.5008933935346247
196,2022-08-22,319.9,93521614,29917564318.6,-1.2197004786166588,-0.4988507135891976,-0.3848046657140292,0.3895430775870966,-0.174210540670495,0.4830408804750316
197,2022-08-23,315.9,118040664,37289045757.6,-1.2503907471084763,-0.3897960515413605,-0.1610678319268876,0.4311420145664689,-0.3449328040663518,0.4628896137255883
198,2022-08-24,317.13,156496654,49629783883.02,0.389363722697067,-0.2790352983839778,0.1183302133088657,0.479911864365611,-0.2565102518532176,0.4692632277812039
199,2022-08-25,320.87,130657394,41924038012.78,1.179327089836968,-0.3870174224144667,-0.0504085289312872,0.4453217560817807,-0.064000701701878,0.4928752560621131
200,2022-08-26,321.08,188815787,60624972889.96,0.0654470657898809,-0.3000026921827898,0.3037817526767884,0.5004723825617499,-0.0471599389344318,0.4940997121516386
201,2022-08-29,313.59,203734909,63889230113.31,-2.332751962127821,-0.4329802507456732,0.3400363479175701,0.4883820121464871,-0.3919670193765024,0.4522882018124073
202,2022-08-30,316.8,133480207,42286529577.6,1.0236295800248874,0.2167941961370067,-0.0714918428858589,0.5181627941563934,-0.2069565176487401,0.4732163704395478
203,2022-08-31,320.18,228418331,73134981219.58,1.0669191919191912,0.2157746104943859,0.4543320173549041,0.5837633284811613,-0.0274610540760554,0.4959923967414159
204,2022-09-01,312.26,183420887,57275006174.62,-2.473608595165222,0.2262031196831932,0.2009384937326027,0.5533927016769745,-0.3961366832131336,0.4454136426450798
205,2022-09-02,310.31,133783288,41514292099.28,-0.62447960033305,0.7818251956684954,-0.1178671911406685,0.5829947505659784,-0.4469353158231106,0.4352258209938438
206,2022-09-05,309.94,112444002,34850893979.88,-0.1192356031065711,0.6861094156184121,-0.2849911670946985,0.5501397810654642,-0.4312541596639215,0.4409641388751461
207,2022-09-06,310.5,91544623,28424605441.5,0.1806801316383888,0.5505552520460818,-0.4764131172487547,0.5092677668496659,-0.3789150681692214,0.4519068374024277
208,2022-09-07,305.73,146286610,44724205275.3,-1.5362318840579705,0.4161354701583369,-0.0234072753220129,0.5490910243545405,-0.563507330536892,0.4232570935150266
209,2022-09-08,306.84,149121338,45756391351.92,0.3630654499067631,0.5532914004598356,-0.0015806566695768,0.5689638429737823,-0.4592744447238307,0.4350415725628728
210,2022-09-13,316.01,150586396,47586806999.96,2.9885282231782107,0.4286209045865176,0.0353564202050594,0.5579971655989471,0.0029391087617506,0.5004100034977139
211,2022-09-14,310.29,118207469,36678595556.01,-1.8100693016043667,1.1971271604828313,-0.219011534685688,0.6222644532246429,-0.2546356687226451,0.4604699895738582
212,2022-09-15,308.3,111218127,34288548554.1,-0.6413355248316099,1.3297608584926977,-0.2787842793967452,0.631372072386994,-0.3258211291443593,0.4487520100147106
213,2022-09-16,306.24,135937347,41629453145.28,-0.6681803438209566,1.2193157022875427,-0.0830102503821988,0.6420381814881679,-0.3924145490663592,0.4373447959783474
214,2022-09-19,303.91,101185844,30751389850.04,-0.7608411703239226,1.1141166181779376,-0.3758384326185252,0.5922847731949266,-0.4855816182288318,0.4285908916610454
215,2022-09-20,305.15,96957189,29586486223.35,0.4080155309137412,1.0225275050961455,-0.4037963538779176,0.5773413939022785,-0.3934273688878878,0.4434574170483694
216,2022-09-21,302.29,104487486,31585522142.94,-0.9372439783712828,0.8942518124101779,-0.3296325839916016,0.570577403552322,-0.5024562896655376,0.4288143520386163
217,2022-09-22,299.39,114961979,34418466892.81,-0.9593436766019536,0.8377418466362546,-0.2374682207196483,0.5750342032395758,-0.5999395483551426,0.4145988869652638
218,2022-09-23,295.31,114627043,33850512068.33,-1.362770967634186,0.7876066184598086,-0.2475825267424349,0.5675030114646717,-0.7509218578405271,0.395045950426529
219,2022-09-26,287.18,177691607,51029475698.26,-2.753039179167649,0.8334262363707252,0.1554886152014979,0.623614356446528,-1.0525156653000454,0.34155688800985
220,2022-09-27,287.56,152309861,43798223629.16,0.1323211922835909,1.3689286354778856,0.0014027892230773,0.6712914280876203,-0.914045252500814,0.3512405366897505
221,2022-09-28,280.61,160839496,45133170972.560005,-2.416886910557792,1.221692551702833,0.0291897445652735,0.6563602870335133,-1.1784843793906676,0.3157202376930911
222,2022-09-29,280.12,128427289,35975052194.68,-0.174619578774815,1.535283615506095,-0.1925066072885768,0.6678471260271898,-1.089255072635066,0.3257532673813669
223,2022-09-30,278.66,143737637,40053929926.420006,-0.5212051977723786,1.3869292740397603,-0.0834082550099809,0.6629401273787224,-1.0691621823673487,0.3298661475828064
224,2022-10-04,285.31,120019411,34242738152.41,2.386420727768601,1.2595224136864718,-0.2338904377269144,0.6282039969949447,-0.6784995501199622,0.3950254663654653
225,2022-10-05,285.92,138906604,39716176215.68,0.2138025305807867,1.548515086871438,-0.0839159518063275,0.6830748918831389,-0.5544110271880861,0.406439453592396
226,2022-10-06,288.14,93858156,27044289069.84,0.7764409625069746,1.4016313258310364,-0.4563604719751382,0.6181588567319873,-0.4597251689809511,0.4294285123285178
227,2022-10-07,287.28,128156449,36816784668.71999,-0.2984660234608194,1.2997860336808431,-0.1443471175240243,0.6444298645196024,-0.4560897304840292,0.4270449858777086
228,2022-10-11,281.82,127821691,36022708957.62,-1.900584795321636,1.1593231349772484,-0.1620789598881634,0.6246555218861356,-0.7174355311599666,0.3898006943190682
229,2022-10-12,283.93,120861623,34316240618.39,0.7487048470655067,1.3055881368046474,-0.2052668329160237,0.637540162986078,-0.5500090320976156,0.4132241161087166
230,2022-10-13,279.4,133288668,37240853839.2,-1.595463670623054,1.2027693509459272,-0.1207183344753665,0.6352563770588201,-0.7434158588546167,0.3840815508113774
231,2022-10-14,286.16,132068992,37792862750.72,2.419470293486059,1.26065812853907,-0.103780690459619,0.6446096797599313,-0.3420778522286947,0.4450956151463899
232,2022-10-17,286.32,111596605,31952339943.6,0.0559127760693112,1.546809986970049,-0.2646511238317567,0.6602698578922865,-0.3073769524532126,0.4494355069161221
233,2022-10-18,290.51,117118415,34024070741.65,1.4633975970941515,1.3982829960611511,-0.1967773634045179,0.6501882040820791,-0.0944149999601619,0.484657937835906
234,2022-10-19,288.29,110850949,31957220087.210003,-0.7641733503149561,1.4076119203269946,-0.2528172676382745,0.64434933158609,-0.2206593361444855,0.4645143363639554
235,2022-10-20,285.59,136903626,39098306549.34,-0.9365569391931894,1.3040800721329766,-0.0507529695413503,0.6566658878239533,-0.3433297708034332,0.4438742962559669
236,2022-10-21,285.45,102369328,29221324677.6,-0.0490213242760551,1.2257180203037372,-0.3331720187414263,0.6115682501952888,-0.3650939460358898,0.4444107868179415
237,2022-10-24,288.06,116175715,33465576462.9,0.9143457698371104,1.0809104281365425,-0.1926947077791886,0.6110269650446692,-0.216660650016174,0.4669518776149673
238,2022-10-25,288.13,116351408,33524331187.04,0.0243004929528556,1.00740001711243,-0.1862855487442461,0.602639308546023,-0.2158318802943904,0.4675285723147817
239,2022-10-26,290.05,122301108,35473436375.4,0.6663658765140745,0.8639383166211813,-0.1269468335900034,0.5921239353788972,-0.1227949019075939,0.4818305538780405
240,2022-10-27,295.19,176203960,52013646952.4,1.7721082571970248,0.7624131489213726,0.2443510839466853,0.6258455291085072,0.1488542756042537,0.5232731163659056
241,2022-10-28,291.83,131077655,38252392058.65,-1.1382499407161517,0.908744212642188,-0.0620814628605305,0.6058328437227072,-0.0619723671925086,0.490614878565911
242,2022-10-31,296.0,121050404,35830919584.0,1.4289140938217535,0.8814504004523858,-0.1245567137267412,0.5946117108407056,0.1319678195939149,0.5196073427936738
243,2022-11-01,300.31,272490446,81831605838.26,1.4560810810810842,0.9200227463163092,0.6658207579251976,0.6982304380301884,0.3623321650754044,0.562912635707926
244,2022-11-02,300.4,192341328,57779334931.2,0.0299690320002543,0.9618875477608756,0.3043041277460477,0.6582739594383654,0.3000062453983293,0.5492117370382484
245,2022-11-03,298.2,179815599,53621011621.8,-0.7323568575232975,0.8194848988424941,0.2202170597364256,0.629962744822365,0.1398405932991255,0.5220093589883936
246,2022-11-04,300.93,182715250,54984500182.5,0.9154929577464888,0.728495697369415,0.2353936487353398,0.6204861682630943,0.2482918064837027,0.5384394080611149
247,2022-11-07,304.4,148868512,45315575052.8,1.1530920812149017,0.6690277061663541,0.0400790076046167,0.5886383392213713,0.3784411404523198,0.5554620753423138
248,2022-11-08,308.3,142951839,44072051963.700005,1.2812089356110556,0.6590342723568312,0.0114001903910303,0.5838043078434827,0.5237895491135578,0.5758574620428758
249,2022-11-09,311.59,162126788,50517085872.92,1.0671423937722802,0.6787500478776703,0.1421100113381511,0.6026075074019777,0.6267727964419995,0.593317766972526
250,2022-11-10,307.73,149974585,46151679042.05,-1.238807407169662,0.6497100311907342,0.0495896306870564,0.5874124577347238,0.3704861451101751,0.5541933208022914
251,2022-11-11,319.51,236342179,75513689612.29,3.8280310661943817,0.6595391585395021,0.5178032831202384,0.6471678052074675,0.8968504912481524,0.6411623777991659
252,2022-11-14,318.14,267590481,85131235625.34,-0.4287815717817889,1.644985247749705,0.608288231422501,0.7816591848965257,0.7088087873808752,0.6350739918323925
253,2022-11-15,318.83,144811100,46170123013.0,0.2168856478280023,1.509473694721313,-0.00331762617905,0.6882695085677829,0.6784028175329746,0.6146554443303494
254,2022-11-16,318.39,177085550,56382268264.5,-0.1380045792428563,1.3673263440373835,0.1894562777535038,0.6945978277238609,0.5833779604625231,0.5999395079087125
255,2022-11-17,313.32,156082707,48903833757.24,-1.5923866955620425,1.224883993139152,0.0457426285083783,0.6588283277059412,0.2952263862712229,0.5484731547198305
256,2022-11-18,313.6,136518686,42812259929.600006,0.0893655049151176,1.2665311623486653,-0.0845939012447056,0.6477421576379949,0.2871499449751918,0.546366185786513
257,2022-11-21,311.15,123416831,38401146965.65,-0.7812500000000111,1.124419665726488,-0.1873120511989356,0.6171384518159441,0.1572802176803133,0.5242468839547364
258,2022-11-22,308.61,115972431,35790251930.91,-0.8163265306122325,1.0302890105756632,-0.2500265362618941,0.5975328092892211,0.0336261783996181,0.5050230172219621
259,2022-11-23,310.67,148269042,46062743278.14,0.6675091539483535,0.9431198611991715,0.0022720289460888797,0.6181739862681576,0.13063310318073673,0.5201775325701999
