날짜,시가,고가,저가,종가,거래량,거래대금,상장시가총액
2015-01-02,0.0,0.0,0.0,1000.0,0,0,0
2015-01-05,0.0,0.0,0.0,1001.17,0,0,0
2015-01-06,0.0,0.0,0.0,986.03,0,0,0
2015-01-07,0.0,0.0,0.0,991.03,0,0,0
2015-01-08,0.0,0.0,0.0,1008.6,0,0,0
2015-01-09,0.0,0.0,0.0,1017.04,0,0,0
2015-01-12,0.0,0.0,0.0,1009.7,0,0,0
2015-01-13,0.0,0.0,0.0,1014.79,0,0,0
2015-01-14,0.0,0.0,0.0,1008.66,0,0,0
2015-01-15,0.0,0.0,0.0,1009.32,0,0,0
2015-01-16,0.0,0.0,0.0,992.99,0,0,0
2015-01-19,0.0,0.0,0.0,995.0,0,0,0
2015-01-20,0.0,0.0,0.0,1008.77,0,0,0
2015-01-21,0.0,0.0,0.0,1014.13,0,0,0
2015-01-22,0.0,0.0,0.0,1009.19,0,0,0
2015-01-23,0.0,0.0,0.0,1022.52,0,0,0
2015-01-26,0.0,0.0,0.0,1020.8,0,0,0
2015-01-27,0.0,0.0,0.0,1022.47,0,0,0
2015-01-28,0.0,0.0,0.0,1020.27,0,0,0
2015-01-29,0.0,0.0,0.0,1007.13,0,0,0
2015-01-30,0.0,0.0,0.0,997.11,0,0,0
2015-02-02,0.0,0.0,0.0,996.14,0,0,0
2015-02-03,0.0,0.0,0.0,987.53,0,0,0
2015-02-04,0.0,0.0,0.0,993.8,0,0,0
2015-02-05,0.0,0.0,0.0,988.41,0,0,0
2015-02-06,0.0,0.0,0.0,981.88,0,0,0
2015-02-09,0.0,0.0,0.0,964.68,0,0,0
2015-02-10,0.0,0.0,0.0,956.86,0,0,0
2015-02-11,0.0,0.0,0.0,967.61,0,0,0
2015-02-12,0.0,0.0,0.0,974.06,0,0,0
2015-02-13,0.0,0.0,0.0,977.32,0,0,0
2015-02-16,0.0,0.0,0.0,978.5,0,0,0
2015-02-17,0.0,0.0,0.0,978.36,0,0,0
2015-02-23,0.0,0.0,0.0,975.76,0,0,0
2015-02-24,0.0,0.0,0.0,977.32,0,0,0
2015-02-25,0.0,0.0,0.0,982.26,0,0,0
2015-02-26,0.0,0.0,0.0,976.85,0,0,0
2015-02-27,0.0,0.0,0.0,974.17,0,0,0
2015-03-02,0.0,0.0,0.0,971.1,0,0,0
2015-03-03,0.0,0.0,0.0,983.46,0,0,0
2015-03-04,0.0,0.0,0.0,985.7,0,0,0
2015-03-05,0.0,0.0,0.0,987.64,0,0,0
2015-03-06,0.0,0.0,0.0,988.83,0,0,0
2015-03-09,0.0,0.0,0.0,973.56,0,0,0
2015-03-10,0.0,0.0,0.0,969.08,0,0,0
2015-03-11,0.0,0.0,0.0,968.28,0,0,0
2015-03-12,0.0,0.0,0.0,956.55,0,0,0
2015-03-13,0.0,0.0,0.0,971.01,0,0,0
2015-03-16,0.0,0.0,0.0,972.32,0,0,0
2015-03-17,0.0,0.0,0.0,989.4,0,0,0
2015-03-18,0.0,0.0,0.0,991.88,0,0,0
2015-03-19,0.0,0.0,0.0,996.44,0,0,0
2015-03-20,0.0,0.0,0.0,989.94,0,0,0
2015-03-23,0.0,0.0,0.0,991.9,0,0,0
2015-03-24,0.0,0.0,0.0,988.29,0,0,0
2015-03-25,0.0,0.0,0.0,979.38,0,0,0
2015-03-26,0.0,0.0,0.0,972.14,0,0,0
2015-03-27,0.0,0.0,0.0,968.63,0,0,0
2015-03-30,0.0,0.0,0.0,964.37,0,0,0
2015-03-31,0.0,0.0,0.0,966.79,0,0,0
2015-04-01,0.0,0.0,0.0,955.6,0,0,0
2015-04-02,0.0,0.0,0.0,950.57,0,0,0
2015-04-03,0.0,0.0,0.0,955.09,0,0,0
2015-04-06,0.0,0.0,0.0,946.52,0,0,0
2015-04-07,0.0,0.0,0.0,948.39,0,0,0
2015-04-08,0.0,0.0,0.0,942.57,0,0,0
2015-04-09,0.0,0.0,0.0,936.59,0,0,0
2015-04-10,0.0,0.0,0.0,948.57,0,0,0
2015-04-13,0.0,0.0,0.0,948.29,0,0,0
2015-04-14,0.0,0.0,0.0,961.87,0,0,0
2015-04-15,0.0,0.0,0.0,960.06,0,0,0
2015-04-16,0.0,0.0,0.0,969.6,0,0,0
2015-04-17,0.0,0.0,0.0,977.62,0,0,0
2015-04-20,0.0,0.0,0.0,974.36,0,0,0
2015-04-21,0.0,0.0,0.0,970.52,0,0,0
2015-04-22,0.0,0.0,0.0,968.8,0,0,0
2015-04-23,0.0,0.0,0.0,989.42,0,0,0
2015-04-24,0.0,0.0,0.0,1003.97,0,0,0
2015-04-27,0.0,0.0,0.0,996.76,0,0,0
2015-04-28,0.0,0.0,0.0,992.78,0,0,0
2015-04-29,0.0,0.0,0.0,993.6,0,0,0
2015-04-30,0.0,0.0,0.0,979.39,0,0,0
2015-05-04,0.0,0.0,0.0,984.62,0,0,0
2015-05-06,0.0,0.0,0.0,977.4,0,0,0
2015-05-07,0.0,0.0,0.0,970.06,0,0,0
2015-05-08,0.0,0.0,0.0,960.47,0,0,0
2015-05-11,0.0,0.0,0.0,956.92,0,0,0
2015-05-12,0.0,0.0,0.0,961.57,0,0,0
2015-05-13,0.0,0.0,0.0,965.3,0,0,0
2015-05-14,0.0,0.0,0.0,963.29,0,0,0
2015-05-15,0.0,0.0,0.0,952.84,0,0,0
2015-05-18,0.0,0.0,0.0,954.18,0,0,0
2015-05-19,0.0,0.0,0.0,952.96,0,0,0
2015-05-20,0.0,0.0,0.0,960.54,0,0,0
2015-05-21,0.0,0.0,0.0,951.96,0,0,0
2015-05-22,0.0,0.0,0.0,965.98,0,0,0
2015-05-26,0.0,0.0,0.0,959.77,0,0,0
2015-05-27,0.0,0.0,0.0,942.08,0,0,0
2015-05-28,0.0,0.0,0.0,939.84,0,0,0
2015-05-29,0.0,0.0,0.0,944.48,0,0,0
2015-06-01,0.0,0.0,0.0,931.99,0,0,0
2015-06-02,0.0,0.0,0.0,916.82,0,0,0
2015-06-03,0.0,0.0,0.0,904.06,0,0,0
2015-06-04,0.0,0.0,0.0,899.22,0,0,0
2015-06-05,0.0,0.0,0.0,900.95,0,0,0
2015-06-08,0.0,0.0,0.0,898.7,0,0,0
2015-06-09,0.0,0.0,0.0,897.02,0,0,0
2015-06-10,0.0,0.0,0.0,894.9,0,0,0
2015-06-11,0.0,0.0,0.0,903.5,0,0,0
2015-06-12,0.0,0.0,0.0,899.35,0,0,0
2015-06-15,0.0,0.0,0.0,904.22,0,0,0
2015-06-16,0.0,0.0,0.0,893.54,0,0,0
2015-06-17,0.0,0.0,0.0,889.56,0,0,0
2015-06-18,0.0,0.0,0.0,879.71,0,0,0
2015-06-19,0.0,0.0,0.0,884.26,0,0,0
2015-06-22,0.0,0.0,0.0,892.44,0,0,0
2015-06-23,0.0,0.0,0.0,902.98,0,0,0
2015-06-24,0.0,0.0,0.0,906.98,0,0,0
2015-06-25,0.0,0.0,0.0,899.11,0,0,0
2015-06-26,0.0,0.0,0.0,903.54,0,0,0
2015-06-29,0.0,0.0,0.0,899.23,0,0,0
2015-06-30,0.0,0.0,0.0,898.74,0,0,0
2015-07-01,0.0,0.0,0.0,896.28,0,0,0
2015-07-02,0.0,0.0,0.0,890.19,0,0,0
2015-07-03,0.0,0.0,0.0,889.99,0,0,0
2015-07-06,0.0,0.0,0.0,873.66,0,0,0
2015-07-07,0.0,0.0,0.0,878.59,0,0,0
2015-07-08,0.0,0.0,0.0,873.12,0,0,0
2015-07-09,0.0,0.0,0.0,872.01,0,0,0
2015-07-10,0.0,0.0,0.0,866.84,0,0,0
2015-07-13,0.0,0.0,0.0,874.64,0,0,0
2015-07-14,0.0,0.0,0.0,872.0,0,0,0
2015-07-15,0.0,0.0,0.0,872.27,0,0,0
2015-07-16,0.0,0.0,0.0,872.67,0,0,0
2015-07-17,0.0,0.0,0.0,867.41,0,0,0
2015-07-20,0.0,0.0,0.0,865.71,0,0,0
2015-07-21,0.0,0.0,0.0,874.93,0,0,0
2015-07-22,0.0,0.0,0.0,864.22,0,0,0
2015-07-23,0.0,0.0,0.0,869.46,0,0,0
2015-07-24,0.0,0.0,0.0,863.38,0,0,0
2015-07-27,0.0,0.0,0.0,866.8,0,0,0
2015-07-28,0.0,0.0,0.0,870.56,0,0,0
2015-07-29,0.0,0.0,0.0,873.44,0,0,0
2015-07-30,0.0,0.0,0.0,861.86,0,0,0
2015-07-31,0.0,0.0,0.0,872.47,0,0,0
2015-08-03,0.0,0.0,0.0,868.0,0,0,0
2015-08-04,0.0,0.0,0.0,874.46,0,0,0
2015-08-05,0.0,0.0,0.0,864.95,0,0,0
2015-08-06,0.0,0.0,0.0,846.72,0,0,0
2015-08-07,0.0,0.0,0.0,845.43,0,0,0
2015-08-10,0.0,0.0,0.0,852.03,0,0,0
2015-08-11,0.0,0.0,0.0,854.94,0,0,0
2015-08-12,0.0,0.0,0.0,859.28,0,0,0
2015-08-13,0.0,0.0,0.0,848.11,0,0,0
2015-08-17,0.0,0.0,0.0,845.09,0,0,0
2015-08-18,0.0,0.0,0.0,857.68,0,0,0
2015-08-19,0.0,0.0,0.0,856.51,0,0,0
2015-08-20,0.0,0.0,0.0,851.33,0,0,0
2015-08-21,0.0,0.0,0.0,835.28,0,0,0
2015-08-24,0.0,0.0,0.0,810.08,0,0,0
2015-08-25,0.0,0.0,0.0,812.77,0,0,0
2015-08-26,0.0,0.0,0.0,823.25,0,0,0
2015-08-27,0.0,0.0,0.0,824.06,0,0,0
2015-08-28,0.0,0.0,0.0,830.6,0,0,0
2015-08-31,0.0,0.0,0.0,832.8,0,0,0
2015-09-01,0.0,0.0,0.0,821.53,0,0,0
2015-09-02,0.0,0.0,0.0,823.09,0,0,0
2015-09-03,0.0,0.0,0.0,826.72,0,0,0
2015-09-04,0.0,0.0,0.0,821.6,0,0,0
2015-09-07,0.0,0.0,0.0,819.56,0,0,0
2015-09-08,0.0,0.0,0.0,825.32,0,0,0
2015-09-09,0.0,0.0,0.0,851.43,0,0,0
2015-09-10,0.0,0.0,0.0,859.64,0,0,0
2015-09-11,0.0,0.0,0.0,842.11,0,0,0
2015-09-14,0.0,0.0,0.0,842.03,0,0,0
2015-09-15,0.0,0.0,0.0,838.2,0,0,0
2015-09-16,0.0,0.0,0.0,858.24,0,0,0
2015-09-17,0.0,0.0,0.0,862.57,0,0,0
2015-09-18,0.0,0.0,0.0,859.77,0,0,0
2015-09-21,0.0,0.0,0.0,844.1,0,0,0
2015-09-22,0.0,0.0,0.0,857.95,0,0,0
2015-09-23,0.0,0.0,0.0,842.29,0,0,0
2015-09-24,0.0,0.0,0.0,843.9,0,0,0
2015-09-25,0.0,0.0,0.0,849.84,0,0,0
2015-09-30,0.0,0.0,0.0,859.41,0,0,0
2015-10-01,0.0,0.0,0.0,869.21,0,0,0
2015-10-02,0.0,0.0,0.0,865.24,0,0,0
2015-10-05,0.0,0.0,0.0,862.01,0,0,0
2015-10-06,0.0,0.0,0.0,870.27,0,0,0
2015-10-07,0.0,0.0,0.0,876.45,0,0,0
2015-10-08,0.0,0.0,0.0,889.58,0,0,0
2015-10-12,0.0,0.0,0.0,889.92,0,0,0
2015-10-13,0.0,0.0,0.0,892.68,0,0,0
2015-10-14,0.0,0.0,0.0,894.34,0,0,0
2015-10-15,0.0,0.0,0.0,899.43,0,0,0
2015-10-16,0.0,0.0,0.0,901.74,0,0,0
2015-10-19,0.0,0.0,0.0,900.93,0,0,0
2015-10-20,0.0,0.0,0.0,903.46,0,0,0
2015-10-21,0.0,0.0,0.0,906.06,0,0,0
2015-10-22,0.0,0.0,0.0,894.94,0,0,0
2015-10-23,0.0,0.0,0.0,901.3,0,0,0
2015-10-26,0.0,0.0,0.0,906.04,0,0,0
2015-10-27,0.0,0.0,0.0,904.56,0,0,0
2015-10-28,0.0,0.0,0.0,902.17,0,0,0
2015-10-29,0.0,0.0,0.0,895.61,0,0,0
2015-10-30,0.0,0.0,0.0,900.15,0,0,0
2015-11-02,0.0,0.0,0.0,908.3,0,0,0
2015-11-03,0.0,0.0,0.0,914.68,0,0,0
2015-11-04,0.0,0.0,0.0,921.35,0,0,0
2015-11-05,0.0,0.0,0.0,918.32,0,0,0
2015-11-06,0.0,0.0,0.0,912.22,0,0,0
2015-11-09,0.0,0.0,0.0,917.05,0,0,0
2015-11-10,0.0,0.0,0.0,902.9,0,0,0
2015-11-11,0.0,0.0,0.0,902.45,0,0,0
2015-11-12,0.0,0.0,0.0,899.19,0,0,0
2015-11-13,0.0,0.0,0.0,885.72,0,0,0
2015-11-16,0.0,0.0,0.0,874.55,0,0,0
2015-11-17,0.0,0.0,0.0,876.73,0,0,0
2015-11-18,0.0,0.0,0.0,885.01,0,0,0
2015-11-19,0.0,0.0,0.0,890.34,0,0,0
2015-11-20,0.0,0.0,0.0,892.53,0,0,0
2015-11-23,0.0,0.0,0.0,885.98,0,0,0
2015-11-24,0.0,0.0,0.0,885.05,0,0,0
2015-11-25,0.0,0.0,0.0,885.75,0,0,0
2015-11-26,0.0,0.0,0.0,893.2,0,0,0
2015-11-27,0.0,0.0,0.0,891.65,0,0,0
2015-11-30,0.0,0.0,0.0,877.73,0,0,0
2015-12-01,0.0,0.0,0.0,892.19,0,0,0
2015-12-02,0.0,0.0,0.0,884.12,0,0,0
2015-12-03,0.0,0.0,0.0,878.19,0,0,0
2015-12-04,0.0,0.0,0.0,870.81,0,0,0
2015-12-07,0.0,0.0,0.0,863.77,0,0,0
2015-12-08,0.0,0.0,0.0,861.96,0,0,0
2015-12-09,0.0,0.0,0.0,861.33,0,0,0
2015-12-10,0.0,0.0,0.0,869.43,0,0,0
2015-12-11,0.0,0.0,0.0,870.78,0,0,0
2015-12-14,0.0,0.0,0.0,869.78,0,0,0
2015-12-15,0.0,0.0,0.0,874.72,0,0,0
2015-12-16,0.0,0.0,0.0,886.15,0,0,0
2015-12-17,0.0,0.0,0.0,889.63,0,0,0
2015-12-18,0.0,0.0,0.0,882.63,0,0,0
2015-12-21,0.0,0.0,0.0,881.33,0,0,0
2015-12-22,0.0,0.0,0.0,892.82,0,0,0
2015-12-23,0.0,0.0,0.0,897.8,0,0,0
2015-12-24,0.0,0.0,0.0,895.65,0,0,0
2015-12-28,0.0,0.0,0.0,884.36,0,0,0
2015-12-29,0.0,0.0,0.0,875.55,0,0,0
2015-12-30,0.0,0.0,0.0,875.6,0,0,0
2016-01-04,0.0,0.0,0.0,852.5,0,0,0
2016-01-05,0.0,0.0,0.0,858.58,0,0,0
2016-01-06,0.0,0.0,0.0,846.45,0,0,0
2016-01-07,0.0,0.0,0.0,842.91,0,0,0
2016-01-08,0.0,0.0,0.0,845.6,0,0,0
2016-01-11,0.0,0.0,0.0,838.4,0,0,0
2016-01-12,0.0,0.0,0.0,841.82,0,0,0
2016-01-13,0.0,0.0,0.0,852.42,0,0,0
2016-01-14,0.0,0.0,0.0,849.17,0,0,0
2016-01-15,0.0,0.0,0.0,841.97,0,0,0
2016-01-18,0.0,0.0,0.0,843.7,0,0,0
2016-01-19,0.0,0.0,0.0,847.09,0,0,0
2016-01-20,0.0,0.0,0.0,828.3,0,0,0
2016-01-21,0.0,0.0,0.0,818.28,0,0,0
2016-01-22,0.0,0.0,0.0,836.82,0,0,0
2016-01-25,0.0,0.0,0.0,840.72,0,0,0
2016-01-26,0.0,0.0,0.0,839.53,0,0,0
2016-01-27,0.0,0.0,0.0,850.13,0,0,0
2016-01-28,0.0,0.0,0.0,860.57,0,0,0
2016-01-29,0.0,0.0,0.0,856.21,0,0,0
2016-02-01,0.0,0.0,0.0,858.03,0,0,0
2016-02-02,0.0,0.0,0.0,848.6,0,0,0
2016-02-03,0.0,0.0,0.0,838.27,0,0,0
2016-02-04,0.0,0.0,0.0,852.34,0,0,0
2016-02-05,0.0,0.0,0.0,853.09,0,0,0
2016-02-11,0.0,0.0,0.0,830.87,0,0,0
2016-02-12,0.0,0.0,0.0,843.04,0,0,0
2016-02-15,0.0,0.0,0.0,851.67,0,0,0
2016-02-16,0.0,0.0,0.0,864.82,0,0,0
2016-02-17,0.0,0.0,0.0,879.69,0,0,0
2016-02-18,0.0,0.0,0.0,883.3,0,0,0
2016-02-19,0.0,0.0,0.0,883.92,0,0,0
2016-02-22,0.0,0.0,0.0,879.95,0,0,0
2016-02-23,0.0,0.0,0.0,886.1,0,0,0
2016-02-24,0.0,0.0,0.0,896.66,0,0,0
2016-02-25,0.0,0.0,0.0,897.69,0,0,0
2016-02-26,0.0,0.0,0.0,896.04,0,0,0
2016-02-29,0.0,0.0,0.0,887.58,0,0,0
2016-03-02,0.0,0.0,0.0,904.56,0,0,0
2016-03-03,0.0,0.0,0.0,906.14,0,0,0
2016-03-04,0.0,0.0,0.0,906.82,0,0,0
2016-03-07,0.0,0.0,0.0,901.46,0,0,0
2016-03-08,0.0,0.0,0.0,898.8,0,0,0
2016-03-09,0.0,0.0,0.0,902.45,0,0,0
2016-03-10,0.0,0.0,0.0,909.2,0,0,0
2016-03-11,0.0,0.0,0.0,912.53,0,0,0
2016-03-14,0.0,0.0,0.0,911.91,0,0,0
2016-03-15,0.0,0.0,0.0,909.81,0,0,0
2016-03-16,0.0,0.0,0.0,911.19,0,0,0
2016-03-17,0.0,0.0,0.0,914.47,0,0,0
2016-03-18,0.0,0.0,0.0,916.85,0,0,0
2016-03-21,0.0,0.0,0.0,921.64,0,0,0
2016-03-22,0.0,0.0,0.0,928.99,0,0,0
2016-03-23,0.0,0.0,0.0,923.52,0,0,0
2016-03-24,0.0,0.0,0.0,915.07,0,0,0
2016-03-25,0.0,0.0,0.0,911.83,0,0,0
2016-03-28,0.0,0.0,0.0,911.62,0,0,0
2016-03-29,0.0,0.0,0.0,920.93,0,0,0
2016-03-30,0.0,0.0,0.0,921.62,0,0,0
2016-03-31,0.0,0.0,0.0,920.94,0,0,0
2016-04-01,0.0,0.0,0.0,905.33,0,0,0
2016-04-04,0.0,0.0,0.0,904.91,0,0,0
2016-04-05,0.0,0.0,0.0,899.99,0,0,0
2016-04-06,0.0,0.0,0.0,905.04,0,0,0
2016-04-07,0.0,0.0,0.0,912.44,0,0,0
2016-04-08,0.0,0.0,0.0,907.95,0,0,0
2016-04-11,0.0,0.0,0.0,908.38,0,0,0
2016-04-12,0.0,0.0,0.0,914.21,0,0,0
2016-04-14,0.0,0.0,0.0,937.24,0,0,0
2016-04-15,0.0,0.0,0.0,935.98,0,0,0
2016-04-18,0.0,0.0,0.0,925.97,0,0,0
2016-04-19,0.0,0.0,0.0,928.99,0,0,0
2016-04-20,0.0,0.0,0.0,927.58,0,0,0
2016-04-21,0.0,0.0,0.0,934.77,0,0,0
2016-04-22,0.0,0.0,0.0,929.07,0,0,0
2016-04-25,0.0,0.0,0.0,923.75,0,0,0
2016-04-26,0.0,0.0,0.0,933.36,0,0,0
2016-04-27,0.0,0.0,0.0,934.11,0,0,0
2016-04-28,0.0,0.0,0.0,930.66,0,0,0
2016-04-29,0.0,0.0,0.0,928.81,0,0,0
2016-05-02,0.0,0.0,0.0,919.66,0,0,0
2016-05-03,0.0,0.0,0.0,922.38,0,0,0
2016-05-04,0.0,0.0,0.0,915.09,0,0,0
2016-05-09,0.0,0.0,0.0,908.78,0,0,0
2016-05-10,0.0,0.0,0.0,915.36,0,0,0
2016-05-11,0.0,0.0,0.0,910.9,0,0,0
2016-05-12,0.0,0.0,0.0,902.76,0,0,0
2016-05-13,0.0,0.0,0.0,896.38,0,0,0
2016-05-16,0.0,0.0,0.0,895.39,0,0,0
2016-05-17,0.0,0.0,0.0,894.48,0,0,0
2016-05-18,0.0,0.0,0.0,892.49,0,0,0
2016-05-19,0.0,0.0,0.0,898.49,0,0,0
2016-05-20,0.0,0.0,0.0,889.69,0,0,0
2016-05-23,0.0,0.0,0.0,892.97,0,0,0
2016-05-24,0.0,0.0,0.0,889.23,0,0,0
2016-05-25,0.0,0.0,0.0,903.74,0,0,0
2016-05-26,0.0,0.0,0.0,905.92,0,0,0
2016-05-27,0.0,0.0,0.0,912.94,0,0,0
2016-05-30,0.0,0.0,0.0,916.0,0,0,0
2016-05-31,0.0,0.0,0.0,921.83,0,0,0
2016-06-01,0.0,0.0,0.0,910.28,0,0,0
2016-06-02,0.0,0.0,0.0,910.66,0,0,0
2016-06-03,0.0,0.0,0.0,911.69,0,0,0
2016-06-07,0.0,0.0,0.0,922.81,0,0,0
2016-06-08,0.0,0.0,0.0,933.89,0,0,0
2016-06-09,0.0,0.0,0.0,929.71,0,0,0
2016-06-10,0.0,0.0,0.0,928.18,0,0,0
2016-06-13,0.0,0.0,0.0,907.05,0,0,0
2016-06-14,0.0,0.0,0.0,906.88,0,0,0
2016-06-15,0.0,0.0,0.0,909.04,0,0,0
2016-06-16,0.0,0.0,0.0,904.7,0,0,0
2016-06-17,0.0,0.0,0.0,903.9,0,0,0
2016-06-20,0.0,0.0,0.0,920.13,0,0,0
2016-06-21,0.0,0.0,0.0,918.12,0,0,0
2016-06-22,0.0,0.0,0.0,926.51,0,0,0
2016-06-23,0.0,0.0,0.0,931.93,0,0,0
2016-06-24,0.0,0.0,0.0,912.58,0,0,0
2016-06-27,0.0,0.0,0.0,911.35,0,0,0
2016-06-28,0.0,0.0,0.0,911.58,0,0,0
2016-06-29,0.0,0.0,0.0,921.56,0,0,0
2016-06-30,0.0,0.0,0.0,927.81,0,0,0
2016-07-01,0.0,0.0,0.0,931.21,0,0,0
2016-07-04,0.0,0.0,0.0,936.69,0,0,0
2016-07-05,0.0,0.0,0.0,933.55,0,0,0
2016-07-06,0.0,0.0,0.0,912.54,0,0,0
2016-07-07,0.0,0.0,0.0,921.83,0,0,0
2016-07-08,0.0,0.0,0.0,916.14,0,0,0
2016-07-11,0.0,0.0,0.0,932.57,0,0,0
2016-07-12,0.0,0.0,0.0,933.7,0,0,0
2016-07-13,0.0,0.0,0.0,940.19,0,0,0
2016-07-14,0.0,0.0,0.0,938.28,0,0,0
2016-07-15,0.0,0.0,0.0,941.7,0,0,0
2016-07-18,0.0,0.0,0.0,939.59,0,0,0
2016-07-19,0.0,0.0,0.0,939.79,0,0,0
2016-07-20,0.0,0.0,0.0,933.52,0,0,0
2016-07-21,0.0,0.0,0.0,931.13,0,0,0
2016-07-22,0.0,0.0,0.0,927.92,0,0,0
2016-07-25,0.0,0.0,0.0,934.97,0,0,0
2016-07-26,0.0,0.0,0.0,939.52,0,0,0
2016-07-27,0.0,0.0,0.0,945.03,0,0,0
2016-07-28,0.0,0.0,0.0,941.1,0,0,0
2016-07-29,0.0,0.0,0.0,933.38,0,0,0
2016-08-01,0.0,0.0,0.0,944.02,0,0,0
2016-08-02,0.0,0.0,0.0,938.02,0,0,0
2016-08-03,0.0,0.0,0.0,926.36,0,0,0
2016-08-04,0.0,0.0,0.0,925.56,0,0,0
2016-08-05,0.0,0.0,0.0,937.94,0,0,0
2016-08-08,0.0,0.0,0.0,950.94,0,0,0
2016-08-09,0.0,0.0,0.0,958.86,0,0,0
2016-08-10,0.0,0.0,0.0,963.39,0,0,0
2016-08-11,0.0,0.0,0.0,966.35,0,0,0
2016-08-12,0.0,0.0,0.0,960.35,0,0,0
2016-08-16,0.0,0.0,0.0,956.7,0,0,0
2016-08-17,0.0,0.0,0.0,958.36,0,0,0
2016-08-18,0.0,0.0,0.0,970.08,0,0,0
2016-08-19,0.0,0.0,0.0,974.74,0,0,0
2016-08-22,0.0,0.0,0.0,975.96,0,0,0
2016-08-23,0.0,0.0,0.0,975.83,0,0,0
2016-08-24,0.0,0.0,0.0,973.1,0,0,0
2016-08-25,0.0,0.0,0.0,976.7,0,0,0
2016-08-26,0.0,0.0,0.0,979.84,0,0,0
2016-08-29,0.0,0.0,0.0,979.22,0,0,0
2016-08-30,0.0,0.0,0.0,984.04,0,0,0
2016-08-31,0.0,0.0,0.0,986.36,0,0,0
2016-09-01,0.0,0.0,0.0,985.26,0,0,0
2016-09-02,0.0,0.0,0.0,988.78,0,0,0
2016-09-05,0.0,0.0,0.0,1001.57,0,0,0
2016-09-06,0.0,0.0,0.0,1004.34,0,0,0
2016-09-07,0.0,0.0,0.0,1002.89,0,0,0
2016-09-08,0.0,0.0,0.0,1007.14,0,0,0
2016-09-09,0.0,0.0,0.0,996.98,0,0,0
2016-09-12,0.0,0.0,0.0,974.97,0,0,0
2016-09-13,0.0,0.0,0.0,978.03,0,0,0
2016-09-19,0.0,0.0,0.0,988.44,0,0,0
2016-09-20,0.0,0.0,0.0,989.63,0,0,0
2016-09-21,0.0,0.0,0.0,995.23,0,0,0
2016-09-22,0.0,0.0,0.0,1001.4,0,0,0
2016-09-23,0.0,0.0,0.0,1006.8,0,0,0
2016-09-26,0.0,0.0,0.0,1000.86,0,0,0
2016-09-27,0.0,0.0,0.0,1010.04,0,0,0
2016-09-28,0.0,0.0,0.0,1003.62,0,0,0
2016-09-29,0.0,0.0,0.0,1004.46,0,0,0
2016-09-30,0.0,0.0,0.0,993.77,0,0,0
2016-10-04,0.0,0.0,0.0,1002.12,0,0,0
2016-10-05,0.0,0.0,0.0,1004.87,0,0,0
2016-10-06,0.0,0.0,0.0,1013.87,0,0,0
2016-10-07,0.0,0.0,0.0,1008.09,0,0,0
2016-10-10,0.0,0.0,0.0,998.93,0,0,0
2016-10-11,0.0,0.0,0.0,985.0,0,0,0
2016-10-12,0.0,0.0,0.0,989.43,0,0,0
2016-10-13,0.0,0.0,0.0,980.36,0,0,0
2016-10-14,0.0,0.0,0.0,987.11,0,0,0
2016-10-17,0.0,0.0,0.0,995.95,0,0,0
2016-10-18,0.0,0.0,0.0,997.45,0,0,0
2016-10-19,0.0,0.0,0.0,988.84,0,0,0
2016-10-20,0.0,0.0,0.0,990.89,0,0,0
2016-10-21,0.0,0.0,0.0,989.8,0,0,0
2016-10-24,0.0,0.0,0.0,995.92,0,0,0
2016-10-25,0.0,0.0,0.0,996.95,0,0,0
2016-10-26,0.0,0.0,0.0,995.15,0,0,0
2016-10-27,0.0,0.0,0.0,1001.17,0,0,0
2016-10-28,0.0,0.0,0.0,1001.75,0,0,0
2016-10-31,0.0,0.0,0.0,1000.32,0,0,0
2016-11-01,0.0,0.0,0.0,997.73,0,0,0
2016-11-02,0.0,0.0,0.0,982.91,0,0,0
2016-11-03,0.0,0.0,0.0,977.83,0,0,0
2016-11-04,0.0,0.0,0.0,967.79,0,0,0
2016-11-07,0.0,0.0,0.0,977.45,0,0,0
2016-11-08,0.0,0.0,0.0,977.17,0,0,0
2016-11-09,0.0,0.0,0.0,954.51,0,0,0
2016-11-10,0.0,0.0,0.0,962.27,0,0,0
2016-11-11,0.0,0.0,0.0,946.64,0,0,0
2016-11-14,0.0,0.0,0.0,941.4,0,0,0
2016-11-15,0.0,0.0,0.0,940.84,0,0,0
2016-11-16,0.0,0.0,0.0,944.33,0,0,0
2016-11-17,0.0,0.0,0.0,949.14,0,0,0
2016-11-18,0.0,0.0,0.0,944.99,0,0,0
2016-11-21,0.0,0.0,0.0,947.8,0,0,0
2016-11-22,0.0,0.0,0.0,956.93,0,0,0
2016-11-23,0.0,0.0,0.0,958.81,0,0,0
2016-11-24,0.0,0.0,0.0,949.37,0,0,0
2016-11-25,0.0,0.0,0.0,954.55,0,0,0
2016-11-28,0.0,0.0,0.0,960.81,0,0,0
2016-11-29,0.0,0.0,0.0,950.91,0,0,0
2016-11-30,0.0,0.0,0.0,952.12,0,0,0
2016-12-01,0.0,0.0,0.0,951.11,0,0,0
2016-12-02,0.0,0.0,0.0,943.81,0,0,0
2016-12-05,0.0,0.0,0.0,947.57,0,0,0
2016-12-06,0.0,0.0,0.0,961.26,0,0,0
2016-12-07,0.0,0.0,0.0,960.1,0,0,0
2016-12-08,0.0,0.0,0.0,982.98,0,0,0
2016-12-09,0.0,0.0,0.0,981.13,0,0,0
2016-12-12,0.0,0.0,0.0,979.32,0,0,0
2016-12-13,0.0,0.0,0.0,982.42,0,0,0
2016-12-14,0.0,0.0,0.0,983.39,0,0,0
2016-12-15,0.0,0.0,0.0,982.01,0,0,0
2016-12-16,0.0,0.0,0.0,982.09,0,0,0
2016-12-19,0.0,0.0,0.0,982.26,0,0,0
2016-12-20,0.0,0.0,0.0,981.38,0,0,0
2016-12-21,0.0,0.0,0.0,983.12,0,0,0
2016-12-22,0.0,0.0,0.0,984.56,0,0,0
2016-12-23,0.0,0.0,0.0,987.76,0,0,0
2016-12-26,0.0,0.0,0.0,983.65,0,0,0
2016-12-27,0.0,0.0,0.0,987.24,0,0,0
2016-12-28,0.0,0.0,0.0,973.68,0,0,0
2016-12-29,0.0,0.0,0.0,976.19,0,0,0
2017-01-02,0.0,0.0,0.0,976.94,0,0,0
2017-01-03,0.0,0.0,0.0,992.52,0,0,0
2017-01-04,0.0,0.0,0.0,999.8,0,0,0
2017-01-05,0.0,0.0,0.0,997.82,0,0,0
2017-01-06,0.0,0.0,0.0,997.83,0,0,0
2017-01-09,0.0,0.0,0.0,999.92,0,0,0
2017-01-10,0.0,0.0,0.0,999.51,0,0,0
2017-01-11,0.0,0.0,0.0,1015.27,0,0,0
2017-01-12,0.0,0.0,0.0,1018.67,0,0,0
2017-01-13,0.0,0.0,0.0,1017.06,0,0,0
2017-01-16,0.0,0.0,0.0,1011.66,0,0,0
2017-01-17,0.0,0.0,0.0,1015.63,0,0,0
2017-01-18,0.0,0.0,0.0,1008.75,0,0,0
2017-01-19,0.0,0.0,0.0,1009.76,0,0,0
2017-01-20,0.0,0.0,0.0,1002.89,0,0,0
2017-01-23,0.0,0.0,0.0,1001.07,0,0,0
2017-01-24,0.0,0.0,0.0,1005.2,0,0,0
2017-01-25,0.0,0.0,0.0,1005.78,0,0,0
2017-01-26,0.0,0.0,0.0,1011.58,0,0,0
2017-01-31,0.0,0.0,0.0,997.56,0,0,0
2017-02-01,0.0,0.0,0.0,1002.42,0,0,0
2017-02-02,0.0,0.0,0.0,992.45,0,0,0
2017-02-03,0.0,0.0,0.0,998.22,0,0,0
2017-02-06,0.0,0.0,0.0,996.35,0,0,0
2017-02-07,0.0,0.0,0.0,997.72,0,0,0
2017-02-08,0.0,0.0,0.0,995.1,0,0,0
2017-02-09,0.0,0.0,0.0,984.82,0,0,0
2017-02-10,0.0,0.0,0.0,983.66,0,0,0
2017-02-13,0.0,0.0,0.0,984.9,0,0,0
2017-02-14,0.0,0.0,0.0,975.45,0,0,0
2017-02-15,0.0,0.0,0.0,979.92,0,0,0
2017-02-16,0.0,0.0,0.0,986.54,0,0,0
2017-02-17,0.0,0.0,0.0,988.58,0,0,0
2017-02-20,0.0,0.0,0.0,993.15,0,0,0
2017-02-21,0.0,0.0,0.0,1002.67,0,0,0
2017-02-22,0.0,0.0,0.0,1000.89,0,0,0
2017-02-23,0.0,0.0,0.0,999.44,0,0,0
2017-02-24,0.0,0.0,0.0,992.43,0,0,0
2017-02-27,0.0,0.0,0.0,986.93,0,0,0
2017-02-28,0.0,0.0,0.0,985.23,0,0,0
2017-03-02,0.0,0.0,0.0,994.53,0,0,0
2017-03-03,0.0,0.0,0.0,972.55,0,0,0
2017-03-06,0.0,0.0,0.0,979.93,0,0,0
2017-03-07,0.0,0.0,0.0,980.52,0,0,0
2017-03-08,0.0,0.0,0.0,976.41,0,0,0
2017-03-09,0.0,0.0,0.0,974.04,0,0,0
2017-03-10,0.0,0.0,0.0,979.42,0,0,0
2017-03-13,0.0,0.0,0.0,994.85,0,0,0
2017-03-14,0.0,0.0,0.0,1011.45,0,0,0
2017-03-15,0.0,0.0,0.0,1006.7,0,0,0
2017-03-16,0.0,0.0,0.0,1009.05,0,0,0
2017-03-17,0.0,0.0,0.0,1011.23,0,0,0
2017-03-20,0.0,0.0,0.0,1018.18,0,0,0
2017-03-21,0.0,0.0,0.0,1042.35,0,0,0
2017-03-22,0.0,0.0,0.0,1043.81,0,0,0
2017-03-23,0.0,0.0,0.0,1043.87,0,0,0
2017-03-24,0.0,0.0,0.0,1034.83,0,0,0
2017-03-27,0.0,0.0,0.0,1031.74,0,0,0
2017-03-28,0.0,0.0,0.0,1030.14,0,0,0
2017-03-29,0.0,0.0,0.0,1032.42,0,0,0
2017-03-30,0.0,0.0,0.0,1029.68,0,0,0
2017-03-31,0.0,0.0,0.0,1025.15,0,0,0
2017-04-03,0.0,0.0,0.0,1031.78,0,0,0
2017-04-04,0.0,0.0,0.0,1020.67,0,0,0
2017-04-05,0.0,0.0,0.0,1013.73,0,0,0
2017-04-06,0.0,0.0,0.0,1002.66,0,0,0
2017-04-07,0.0,0.0,0.0,999.3,0,0,0
2017-04-10,0.0,0.0,0.0,990.87,0,0,0
2017-04-11,0.0,0.0,0.0,978.97,0,0,0
2017-04-12,0.0,0.0,0.0,982.0,0,0,0
2017-04-13,0.0,0.0,0.0,991.86,0,0,0
2017-04-14,0.0,0.0,0.0,986.58,0,0,0
2017-04-17,0.0,0.0,0.0,990.4,0,0,0
2017-04-18,0.0,0.0,0.0,990.84,0,0,0
2017-04-19,0.0,0.0,0.0,981.2,0,0,0
2017-04-20,0.0,0.0,0.0,997.23,0,0,0
2017-04-21,0.0,0.0,0.0,1007.77,0,0,0
2017-04-24,0.0,0.0,0.0,1011.1,0,0,0
2017-04-25,0.0,0.0,0.0,1014.63,0,0,0
2017-04-26,0.0,0.0,0.0,1023.3,0,0,0
2017-04-27,0.0,0.0,0.0,1017.7,0,0,0
2017-04-28,0.0,0.0,0.0,1016.41,0,0,0
2017-05-02,0.0,0.0,0.0,1028.57,0,0,0
2017-05-04,0.0,0.0,0.0,1042.99,0,0,0
2017-05-08,0.0,0.0,0.0,1075.88,0,0,0
2017-05-10,0.0,0.0,0.0,1060.58,0,0,0
2017-05-11,0.0,0.0,0.0,1078.46,0,0,0
2017-05-12,0.0,0.0,0.0,1069.06,0,0,0
2017-05-15,0.0,0.0,0.0,1072.89,0,0,0
2017-05-16,0.0,0.0,0.0,1076.28,0,0,0
2017-05-17,0.0,0.0,0.0,1072.71,0,0,0
2017-05-18,0.0,0.0,0.0,1076.05,0,0,0
2017-05-19,0.0,0.0,0.0,1083.46,0,0,0
2017-05-22,0.0,0.0,0.0,1093.58,0,0,0
2017-05-23,0.0,0.0,0.0,1092.92,0,0,0
2017-05-24,0.0,0.0,0.0,1093.8,0,0,0
2017-05-25,0.0,0.0,0.0,1105.06,0,0,0
2017-05-26,0.0,0.0,0.0,1113.58,0,0,0
2017-05-29,0.0,0.0,0.0,1115.43,0,0,0
2017-05-30,0.0,0.0,0.0,1107.89,0,0,0
2017-05-31,0.0,0.0,0.0,1102.24,0,0,0
2017-06-01,0.0,0.0,0.0,1102.08,0,0,0
2017-06-02,0.0,0.0,0.0,1109.0,0,0,0
2017-06-05,0.0,0.0,0.0,1106.12,0,0,0
2017-06-07,0.0,0.0,0.0,1097.45,0,0,0
2017-06-08,0.0,0.0,0.0,1098.21,0,0,0
2017-06-09,0.0,0.0,0.0,1112.29,0,0,0
2017-06-12,0.0,0.0,0.0,1106.65,0,0,0
2017-06-13,0.0,0.0,0.0,1111.09,0,0,0
2017-06-14,0.0,0.0,0.0,1111.41,0,0,0
2017-06-15,0.0,0.0,0.0,1103.72,0,0,0
2017-06-16,0.0,0.0,0.0,1105.99,0,0,0
2017-06-19,0.0,0.0,0.0,1106.48,0,0,0
2017-06-20,0.0,0.0,0.0,1102.42,0,0,0
2017-06-21,0.0,0.0,0.0,1093.58,0,0,0
2017-06-22,0.0,0.0,0.0,1105.09,0,0,0
2017-06-23,0.0,0.0,0.0,1107.85,0,0,0
2017-06-26,0.0,0.0,0.0,1115.3,0,0,0
2017-06-27,0.0,0.0,0.0,1117.83,0,0,0
2017-06-28,0.0,0.0,0.0,1115.09,0,0,0
2017-06-29,0.0,0.0,0.0,1123.47,0,0,0
2017-06-30,0.0,0.0,0.0,1113.59,0,0,0
2017-07-03,0.0,0.0,0.0,1118.83,0,0,0
2017-07-04,0.0,0.0,0.0,1111.4,0,0,0
2017-07-05,0.0,0.0,0.0,1117.51,0,0,0
2017-07-06,0.0,0.0,0.0,1117.0,0,0,0
2017-07-07,0.0,0.0,0.0,1115.53,0,0,0
2017-07-10,0.0,0.0,0.0,1114.72,0,0,0
2017-07-11,0.0,0.0,0.0,1127.85,0,0,0
2017-07-12,0.0,0.0,0.0,1122.77,0,0,0
2017-07-13,0.0,0.0,0.0,1132.81,0,0,0
2017-07-14,0.0,0.0,0.0,1136.07,0,0,0
2017-07-17,0.0,0.0,0.0,1139.39,0,0,0
2017-07-18,0.0,0.0,0.0,1138.91,0,0,0
2017-07-19,0.0,0.0,0.0,1143.76,0,0,0
2017-07-20,0.0,0.0,0.0,1151.93,0,0,0
2017-07-21,0.0,0.0,0.0,1162.2,0,0,0
2017-07-24,0.0,0.0,0.0,1160.6,0,0,0
2017-07-25,0.0,0.0,0.0,1152.99,0,0,0
2017-07-26,0.0,0.0,0.0,1144.9,0,0,0
2017-07-27,0.0,0.0,0.0,1151.0,0,0,0
2017-07-28,0.0,0.0,0.0,1137.73,0,0,0
2017-07-31,0.0,0.0,0.0,1135.52,0,0,0
2017-08-01,0.0,0.0,0.0,1141.15,0,0,0
2017-08-02,0.0,0.0,0.0,1144.32,0,0,0
2017-08-03,0.0,0.0,0.0,1130.8,0,0,0
2017-08-04,0.0,0.0,0.0,1136.22,0,0,0
2017-08-07,0.0,0.0,0.0,1140.18,0,0,0
2017-08-08,0.0,0.0,0.0,1139.1,0,0,0
2017-08-09,0.0,0.0,0.0,1130.4,0,0,0
2017-08-10,0.0,0.0,0.0,1123.52,0,0,0
2017-08-11,0.0,0.0,0.0,1097.82,0,0,0
2017-08-14,0.0,0.0,0.0,1111.44,0,0,0
2017-08-16,0.0,0.0,0.0,1114.38,0,0,0
2017-08-17,0.0,0.0,0.0,1120.55,0,0,0
2017-08-18,0.0,0.0,0.0,1118.71,0,0,0
2017-08-21,0.0,0.0,0.0,1123.23,0,0,0
2017-08-22,0.0,0.0,0.0,1123.34,0,0,0
2017-08-23,0.0,0.0,0.0,1121.6,0,0,0
2017-08-24,0.0,0.0,0.0,1121.08,0,0,0
2017-08-25,0.0,0.0,0.0,1129.23,0,0,0
2017-08-28,0.0,0.0,0.0,1119.44,0,0,0
2017-08-29,0.0,0.0,0.0,1115.53,0,0,0
2017-08-30,0.0,0.0,0.0,1112.42,0,0,0
2017-08-31,0.0,0.0,0.0,1103.47,0,0,0
2017-09-01,0.0,0.0,0.0,1105.29,0,0,0
2017-09-04,0.0,0.0,0.0,1091.51,0,0,0
2017-09-05,0.0,0.0,0.0,1088.73,0,0,0
2017-09-06,0.0,0.0,0.0,1083.31,0,0,0
2017-09-07,0.0,0.0,0.0,1094.0,0,0,0
2017-09-08,0.0,0.0,0.0,1091.55,0,0,0
2017-09-11,0.0,0.0,0.0,1090.36,0,0,0
2017-09-12,0.0,0.0,0.0,1097.21,0,0,0
2017-09-13,0.0,0.0,0.0,1089.51,0,0,0
2017-09-14,0.0,0.0,0.0,1099.12,0,0,0
2017-09-15,0.0,0.0,0.0,1099.99,0,0,0
2017-09-18,0.0,0.0,0.0,1121.73,0,0,0
2017-09-19,0.0,0.0,0.0,1119.56,0,0,0
2017-09-20,0.0,0.0,0.0,1122.65,0,0,0
2017-09-21,0.0,0.0,0.0,1120.78,0,0,0
2017-09-22,0.0,0.0,0.0,1120.22,0,0,0
2017-09-25,0.0,0.0,0.0,1124.81,0,0,0
2017-09-26,0.0,0.0,0.0,1123.87,0,0,0
2017-09-27,0.0,0.0,0.0,1117.58,0,0,0
2017-09-28,0.0,0.0,0.0,1119.12,0,0,0
2017-09-29,0.0,0.0,0.0,1127.21,0,0,0
2017-10-10,0.0,0.0,0.0,1147.05,0,0,0
2017-10-11,0.0,0.0,0.0,1162.94,0,0,0
2017-10-12,0.0,0.0,0.0,1164.65,0,0,0
2017-10-13,0.0,0.0,0.0,1168.53,0,0,0
2017-10-16,0.0,0.0,0.0,1171.3,0,0,0
2017-10-17,0.0,0.0,0.0,1161.82,0,0,0
2017-10-18,0.0,0.0,0.0,1165.55,0,0,0
2017-10-19,0.0,0.0,0.0,1170.44,0,0,0
2017-10-20,0.0,0.0,0.0,1179.18,0,0,0
2017-10-23,0.0,0.0,0.0,1175.63,0,0,0
2017-10-24,0.0,0.0,0.0,1171.35,0,0,0
2017-10-25,0.0,0.0,0.0,1179.21,0,0,0
2017-10-26,0.0,0.0,0.0,1183.99,0,0,0
2017-10-27,0.0,0.0,0.0,1189.18,0,0,0
2017-10-30,0.0,0.0,0.0,1184.0,0,0,0
2017-10-31,0.0,0.0,0.0,1207.26,0,0,0
2017-11-01,0.0,0.0,0.0,1214.6,0,0,0
2017-11-02,0.0,0.0,0.0,1204.89,0,0,0
2017-11-03,0.0,0.0,0.0,1216.15,0,0,0
2017-11-06,0.0,0.0,0.0,1200.61,0,0,0
2017-11-07,0.0,0.0,0.0,1195.15,0,0,0
2017-11-08,0.0,0.0,0.0,1188.19,0,0,0
2017-11-09,0.0,0.0,0.0,1186.09,0,0,0
2017-11-10,0.0,0.0,0.0,1186.97,0,0,0
2017-11-13,0.0,0.0,0.0,1185.33,0,0,0
2017-11-14,0.0,0.0,0.0,1181.64,0,0,0
2017-11-15,0.0,0.0,0.0,1171.38,0,0,0
2017-11-16,0.0,0.0,0.0,1174.13,0,0,0
2017-11-17,0.0,0.0,0.0,1174.06,0,0,0
2017-11-20,0.0,0.0,0.0,1165.85,0,0,0
2017-11-21,0.0,0.0,0.0,1169.83,0,0,0
2017-11-22,0.0,0.0,0.0,1175.43,0,0,0
2017-11-23,0.0,0.0,0.0,1172.01,0,0,0
2017-11-24,0.0,0.0,0.0,1180.22,0,0,0
2017-11-27,0.0,0.0,0.0,1159.96,0,0,0
2017-11-28,0.0,0.0,0.0,1165.13,0,0,0
2017-11-29,0.0,0.0,0.0,1169.36,0,0,0
2017-11-30,0.0,0.0,0.0,1157.63,0,0,0
2017-12-01,0.0,0.0,0.0,1152.88,0,0,0
2017-12-04,0.0,0.0,0.0,1165.75,0,0,0
2017-12-05,0.0,0.0,0.0,1165.76,0,0,0
2017-12-06,0.0,0.0,0.0,1151.21,0,0,0
2017-12-07,0.0,0.0,0.0,1152.66,0,0,0
2017-12-08,0.0,0.0,0.0,1153.63,0,0,0
2017-12-11,0.0,0.0,0.0,1147.98,0,0,0
2017-12-12,0.0,0.0,0.0,1143.51,0,0,0
2017-12-13,0.0,0.0,0.0,1148.12,0,0,0
2017-12-14,0.0,0.0,0.0,1141.91,0,0,0
2017-12-15,0.0,0.0,0.0,1152.62,0,0,0
2017-12-18,0.0,0.0,0.0,1156.78,0,0,0
2017-12-19,0.0,0.0,0.0,1161.82,0,0,0
2017-12-20,0.0,0.0,0.0,1162.61,0,0,0
2017-12-21,0.0,0.0,0.0,1144.9,0,0,0
2017-12-22,0.0,0.0,0.0,1145.2,0,0,0
2017-12-26,0.0,0.0,0.0,1142.79,0,0,0
2017-12-27,0.0,0.0,0.0,1147.3,0,0,0
2017-12-28,0.0,0.0,0.0,1150.6,0,0,0
2018-01-02,0.0,0.0,0.0,1146.53,0,0,0
2018-01-03,0.0,0.0,0.0,1156.55,0,0,0
2018-01-04,0.0,0.0,0.0,1151.05,0,0,0
2018-01-05,0.0,0.0,0.0,1165.53,0,0,0
2018-01-08,0.0,0.0,0.0,1177.48,0,0,0
2018-01-09,0.0,0.0,0.0,1183.56,0,0,0
2018-01-10,0.0,0.0,0.0,1169.83,0,0,0
2018-01-11,0.0,0.0,0.0,1157.43,0,0,0
2018-01-12,0.0,0.0,0.0,1169.24,0,0,0
2018-01-15,0.0,0.0,0.0,1171.36,0,0,0
2018-01-16,0.0,0.0,0.0,1178.38,0,0,0
2018-01-17,0.0,0.0,0.0,1180.04,0,0,0
2018-01-18,0.0,0.0,0.0,1179.07,0,0,0
2018-01-19,0.0,0.0,0.0,1186.76,0,0,0
2018-01-22,0.0,0.0,0.0,1172.94,0,0,0
2018-01-23,0.0,0.0,0.0,1180.32,0,0,0
2018-01-24,0.0,0.0,0.0,1179.01,0,0,0
2018-01-25,0.0,0.0,0.0,1193.41,0,0,0
2018-01-26,0.0,0.0,0.0,1185.42,0,0,0
2018-01-29,0.0,0.0,0.0,1195.08,0,0,0
2018-01-30,0.0,0.0,0.0,1174.15,0,0,0
2018-01-31,0.0,0.0,0.0,1184.09,0,0,0
2018-02-01,0.0,0.0,0.0,1189.79,0,0,0
2018-02-02,0.0,0.0,0.0,1177.16,0,0,0
2018-02-05,0.0,0.0,0.0,1166.82,0,0,0
2018-02-06,0.0,0.0,0.0,1146.69,0,0,0
2018-02-07,0.0,0.0,0.0,1130.98,0,0,0
2018-02-08,0.0,0.0,0.0,1133.82,0,0,0
2018-02-09,0.0,0.0,0.0,1102.13,0,0,0
2018-02-12,0.0,0.0,0.0,1110.83,0,0,0
2018-02-13,0.0,0.0,0.0,1115.07,0,0,0
2018-02-14,0.0,0.0,0.0,1121.44,0,0,0
2018-02-19,0.0,0.0,0.0,1121.54,0,0,0
2018-02-20,0.0,0.0,0.0,1113.51,0,0,0
2018-02-21,0.0,0.0,0.0,1124.52,0,0,0
2018-02-22,0.0,0.0,0.0,1116.04,0,0,0
2018-02-23,0.0,0.0,0.0,1135.09,0,0,0
2018-02-26,0.0,0.0,0.0,1134.96,0,0,0
2018-02-27,0.0,0.0,0.0,1130.96,0,0,0
2018-02-28,0.0,0.0,0.0,1117.34,0,0,0
2018-03-02,0.0,0.0,0.0,1097.15,0,0,0
2018-03-05,0.0,0.0,0.0,1090.89,0,0,0
2018-03-06,0.0,0.0,0.0,1104.47,0,0,0
2018-03-07,0.0,0.0,0.0,1100.22,0,0,0
2018-03-08,0.0,0.0,0.0,1113.45,0,0,0
2018-03-09,0.0,0.0,0.0,1116.11,0,0,0
2018-03-12,0.0,0.0,0.0,1128.62,0,0,0
2018-03-13,0.0,0.0,0.0,1139.57,0,0,0
2018-03-14,0.0,0.0,0.0,1135.58,0,0,0
2018-03-15,0.0,0.0,0.0,1131.2,0,0,0
2018-03-16,0.0,0.0,0.0,1135.15,0,0,0
2018-03-19,0.0,0.0,0.0,1124.09,0,0,0
2018-03-20,0.0,0.0,0.0,1128.35,0,0,0
2018-03-21,0.0,0.0,0.0,1131.75,0,0,0
2018-03-22,0.0,0.0,0.0,1132.06,0,0,0
2018-03-23,0.0,0.0,0.0,1095.03,0,0,0
2018-03-26,0.0,0.0,0.0,1097.9,0,0,0
2018-03-27,0.0,0.0,0.0,1112.67,0,0,0
2018-03-28,0.0,0.0,0.0,1106.62,0,0,0
2018-03-29,0.0,0.0,0.0,1108.85,0,0,0
2018-03-30,0.0,0.0,0.0,1105.0,0,0,0
2018-04-02,0.0,0.0,0.0,1112.7,0,0,0
2018-04-03,0.0,0.0,0.0,1118.77,0,0,0
2018-04-04,0.0,0.0,0.0,1107.27,0,0,0
2018-04-05,0.0,0.0,0.0,1115.61,0,0,0
2018-04-06,0.0,0.0,0.0,1111.01,0,0,0
2018-04-09,0.0,0.0,0.0,1109.46,0,0,0
2018-04-10,0.0,0.0,0.0,1118.29,0,0,0
2018-04-11,0.0,0.0,0.0,1115.48,0,0,0
2018-04-12,0.0,0.0,0.0,1112.56,0,0,0
2018-04-13,0.0,0.0,0.0,1119.31,0,0,0
2018-04-16,0.0,0.0,0.0,1117.15,0,0,0
2018-04-17,0.0,0.0,0.0,1121.07,0,0,0
2018-04-18,0.0,0.0,0.0,1138.19,0,0,0
2018-04-19,0.0,0.0,0.0,1142.04,0,0,0
2018-04-20,0.0,0.0,0.0,1131.18,0,0,0
2018-04-23,0.0,0.0,0.0,1139.1,0,0,0
2018-04-24,0.0,0.0,0.0,1139.97,0,0,0
2018-04-25,0.0,0.0,0.0,1141.48,0,0,0
2018-04-26,0.0,0.0,0.0,1149.18,0,0,0
2018-04-27,0.0,0.0,0.0,1152.29,0,0,0
2018-04-30,0.0,0.0,0.0,1161.88,0,0,0
2018-05-02,0.0,0.0,0.0,1153.53,0,0,0
2018-05-03,0.0,0.0,0.0,1142.61,0,0,0
2018-05-04,0.0,0.0,0.0,1132.67,0,0,0
2018-05-08,0.0,0.0,0.0,1130.2,0,0,0
2018-05-09,0.0,0.0,0.0,1117.67,0,0,0
2018-05-10,0.0,0.0,0.0,1126.28,0,0,0
2018-05-11,0.0,0.0,0.0,1131.48,0,0,0
2018-05-14,0.0,0.0,0.0,1135.82,0,0,0
2018-05-15,0.0,0.0,0.0,1126.65,0,0,0
2018-05-16,0.0,0.0,0.0,1130.12,0,0,0
2018-05-17,0.0,0.0,0.0,1123.69,0,0,0
2018-05-18,0.0,0.0,0.0,1125.53,0,0,0
2018-05-21,0.0,0.0,0.0,1127.34,0,0,0
2018-05-23,0.0,0.0,0.0,1137.38,0,0,0
2018-05-24,0.0,0.0,0.0,1125.2,0,0,0
2018-05-25,0.0,0.0,0.0,1117.93,0,0,0
2018-05-28,0.0,0.0,0.0,1118.44,0,0,0
2018-05-29,0.0,0.0,0.0,1109.23,0,0,0
2018-05-30,0.0,0.0,0.0,1090.23,0,0,0
2018-05-31,0.0,0.0,0.0,1082.99,0,0,0
2018-06-01,0.0,0.0,0.0,1085.79,0,0,0
2018-06-04,0.0,0.0,0.0,1093.2,0,0,0
2018-06-05,0.0,0.0,0.0,1095.26,0,0,0
2018-06-07,0.0,0.0,0.0,1109.28,0,0,0
2018-06-08,0.0,0.0,0.0,1100.58,0,0,0
2018-06-11,0.0,0.0,0.0,1109.08,0,0,0
2018-06-12,0.0,0.0,0.0,1108.05,0,0,0
2018-06-14,0.0,0.0,0.0,1088.78,0,0,0
2018-06-15,0.0,0.0,0.0,1085.85,0,0,0
2018-06-18,0.0,0.0,0.0,1079.25,0,0,0
2018-06-19,0.0,0.0,0.0,1056.56,0,0,0
2018-06-20,0.0,0.0,0.0,1065.14,0,0,0
2018-06-21,0.0,0.0,0.0,1052.84,0,0,0
2018-06-22,0.0,0.0,0.0,1065.84,0,0,0
2018-06-25,0.0,0.0,0.0,1068.94,0,0,0
2018-06-26,0.0,0.0,0.0,1064.18,0,0,0
2018-06-27,0.0,0.0,0.0,1059.95,0,0,0
2018-06-28,0.0,0.0,0.0,1043.98,0,0,0
2018-06-29,0.0,0.0,0.0,1054.53,0,0,0
2018-07-02,0.0,0.0,0.0,1032.38,0,0,0
2018-07-03,0.0,0.0,0.0,1032.31,0,0,0
2018-07-04,0.0,0.0,0.0,1025.62,0,0,0
2018-07-05,0.0,0.0,0.0,1027.84,0,0,0
2018-07-06,0.0,0.0,0.0,1034.37,0,0,0
2018-07-09,0.0,0.0,0.0,1041.62,0,0,0
2018-07-10,0.0,0.0,0.0,1040.81,0,0,0
2018-07-11,0.0,0.0,0.0,1035.05,0,0,0
2018-07-12,0.0,0.0,0.0,1040.31,0,0,0
2018-07-13,0.0,0.0,0.0,1049.45,0,0,0
2018-07-16,0.0,0.0,0.0,1050.55,0,0,0
2018-07-17,0.0,0.0,0.0,1052.41,0,0,0
2018-07-18,0.0,0.0,0.0,1054.42,0,0,0
2018-07-19,0.0,0.0,0.0,1052.71,0,0,0
2018-07-20,0.0,0.0,0.0,1052.32,0,0,0
2018-07-23,0.0,0.0,0.0,1042.76,0,0,0
2018-07-24,0.0,0.0,0.0,1040.0,0,0,0
2018-07-25,0.0,0.0,0.0,1040.37,0,0,0
2018-07-26,0.0,0.0,0.0,1047.63,0,0,0
2018-07-27,0.0,0.0,0.0,1055.28,0,0,0
2018-07-30,0.0,0.0,0.0,1054.65,0,0,0
2018-07-31,0.0,0.0,0.0,1056.17,0,0,0
2018-08-01,0.0,0.0,0.0,1061.99,0,0,0
2018-08-02,0.0,0.0,0.0,1045.63,0,0,0
2018-08-03,0.0,0.0,0.0,1050.79,0,0,0
2018-08-06,0.0,0.0,0.0,1047.73,0,0,0
2018-08-07,0.0,0.0,0.0,1056.74,0,0,0
2018-08-08,0.0,0.0,0.0,1057.56,0,0,0
2018-08-09,0.0,0.0,0.0,1057.57,0,0,0
2018-08-10,0.0,0.0,0.0,1044.04,0,0,0
2018-08-13,0.0,0.0,0.0,1024.32,0,0,0
2018-08-14,0.0,0.0,0.0,1025.41,0,0,0
2018-08-16,0.0,0.0,0.0,1014.14,0,0,0
2018-08-17,0.0,0.0,0.0,1017.1,0,0,0
2018-08-20,0.0,0.0,0.0,1018.8,0,0,0
2018-08-21,0.0,0.0,0.0,1029.69,0,0,0
2018-08-22,0.0,0.0,0.0,1032.39,0,0,0
2018-08-23,0.0,0.0,0.0,1035.58,0,0,0
2018-08-24,0.0,0.0,0.0,1040.86,0,0,0
2018-08-27,0.0,0.0,0.0,1049.31,0,0,0
2018-08-28,0.0,0.0,0.0,1043.77,0,0,0
2018-08-29,0.0,0.0,0.0,1044.78,0,0,0
2018-08-30,0.0,0.0,0.0,1038.49,0,0,0
2018-08-31,0.0,0.0,0.0,1046.36,0,0,0
2018-09-03,0.0,0.0,0.0,1038.3,0,0,0
2018-09-04,0.0,0.0,0.0,1046.11,0,0,0
2018-09-05,0.0,0.0,0.0,1031.12,0,0,0
2018-09-06,0.0,0.0,0.0,1032.87,0,0,0
2018-09-07,0.0,0.0,0.0,1027.23,0,0,0
2018-09-10,0.0,0.0,0.0,1022.48,0,0,0
2018-09-11,0.0,0.0,0.0,1014.22,0,0,0
2018-09-12,0.0,0.0,0.0,1016.97,0,0,0
2018-09-13,0.0,0.0,0.0,1019.53,0,0,0
2018-09-14,0.0,0.0,0.0,1029.04,0,0,0
2018-09-17,0.0,0.0,0.0,1028.07,0,0,0
2018-09-18,0.0,0.0,0.0,1033.44,0,0,0
2018-09-19,0.0,0.0,0.0,1033.54,0,0,0
2018-09-20,0.0,0.0,0.0,1042.96,0,0,0
2018-09-21,0.0,0.0,0.0,1055.25,0,0,0
2018-09-27,0.0,0.0,0.0,1054.26,0,0,0
2018-09-28,0.0,0.0,0.0,1044.02,0,0,0
2018-10-01,0.0,0.0,0.0,1043.05,0,0,0
2018-10-02,0.0,0.0,0.0,1024.68,0,0,0
2018-10-04,0.0,0.0,0.0,1008.29,0,0,0
2018-10-05,0.0,0.0,0.0,1010.24,0,0,0
2018-10-08,0.0,0.0,0.0,1003.68,0,0,0
2018-10-10,0.0,0.0,0.0,997.04,0,0,0
2018-10-11,0.0,0.0,0.0,958.06,0,0,0
2018-10-12,0.0,0.0,0.0,971.3,0,0,0
2018-10-15,0.0,0.0,0.0,958.88,0,0,0
2018-10-16,0.0,0.0,0.0,955.91,0,0,0
2018-10-17,0.0,0.0,0.0,963.78,0,0,0
2018-10-18,0.0,0.0,0.0,947.21,0,0,0
2018-10-19,0.0,0.0,0.0,961.35,0,0,0
2018-10-22,0.0,0.0,0.0,964.86,0,0,0
2018-10-23,0.0,0.0,0.0,939.11,0,0,0
2018-10-24,0.0,0.0,0.0,935.04,0,0,0
2018-10-25,0.0,0.0,0.0,918.51,0,0,0
2018-10-26,0.0,0.0,0.0,903.43,0,0,0
2018-10-29,0.0,0.0,0.0,897.26,0,0,0
2018-10-30,0.0,0.0,0.0,901.49,0,0,0
2018-10-31,0.0,0.0,0.0,903.5,0,0,0
2018-11-01,0.0,0.0,0.0,902.45,0,0,0
2018-11-02,0.0,0.0,0.0,937.82,0,0,0
2018-11-05,0.0,0.0,0.0,921.17,0,0,0
2018-11-06,0.0,0.0,0.0,928.38,0,0,0
2018-11-07,0.0,0.0,0.0,920.14,0,0,0
2018-11-08,0.0,0.0,0.0,921.86,0,0,0
2018-11-09,0.0,0.0,0.0,912.01,0,0,0
2018-11-12,0.0,0.0,0.0,900.59,0,0,0
2018-11-13,0.0,0.0,0.0,898.17,0,0,0
2018-11-14,0.0,0.0,0.0,894.88,0,0,0
2018-11-15,0.0,0.0,0.0,899.51,0,0,0
2018-11-16,0.0,0.0,0.0,899.81,0,0,0
2018-11-19,0.0,0.0,0.0,900.53,0,0,0
2018-11-20,0.0,0.0,0.0,887.14,0,0,0
2018-11-21,0.0,0.0,0.0,880.41,0,0,0
2018-11-22,0.0,0.0,0.0,870.71,0,0,0
2018-11-23,0.0,0.0,0.0,869.77,0,0,0
2018-11-26,0.0,0.0,0.0,893.11,0,0,0
2018-11-27,0.0,0.0,0.0,906.65,0,0,0
2018-11-28,0.0,0.0,0.0,912.44,0,0,0
2018-11-29,0.0,0.0,0.0,914.43,0,0,0
2018-11-30,0.0,0.0,0.0,907.2,0,0,0
2018-12-03,0.0,0.0,0.0,925.39,0,0,0
2018-12-04,0.0,0.0,0.0,917.48,0,0,0
2018-12-05,0.0,0.0,0.0,911.41,0,0,0
2018-12-06,0.0,0.0,0.0,898.55,0,0,0
2018-12-07,0.0,0.0,0.0,906.33,0,0,0
2018-12-10,0.0,0.0,0.0,894.14,0,0,0
2018-12-11,0.0,0.0,0.0,889.27,0,0,0
2018-12-12,0.0,0.0,0.0,905.38,0,0,0
2018-12-13,0.0,0.0,0.0,905.66,0,0,0
2018-12-14,0.0,0.0,0.0,891.22,0,0,0
2018-12-17,0.0,0.0,0.0,895.97,0,0,0
2018-12-18,0.0,0.0,0.0,894.06,0,0,0
2018-12-19,0.0,0.0,0.0,907.05,0,0,0
2018-12-20,0.0,0.0,0.0,897.31,0,0,0
2018-12-21,0.0,0.0,0.0,897.1,0,0,0
2018-12-24,0.0,0.0,0.0,896.7,0,0,0
2018-12-26,0.0,0.0,0.0,888.31,0,0,0
2018-12-27,0.0,0.0,0.0,882.29,0,0,0
2018-12-28,0.0,0.0,0.0,884.82,0,0,0
2019-01-02,0.0,0.0,0.0,866.7,0,0,0
2019-01-03,0.0,0.0,0.0,863.03,0,0,0
2019-01-04,0.0,0.0,0.0,875.27,0,0,0
2019-01-07,0.0,0.0,0.0,889.0,0,0,0
2019-01-08,0.0,0.0,0.0,885.97,0,0,0
2019-01-09,0.0,0.0,0.0,908.28,0,0,0
2019-01-10,0.0,0.0,0.0,906.3,0,0,0
2019-01-11,0.0,0.0,0.0,909.06,0,0,0
2019-01-14,0.0,0.0,0.0,895.08,0,0,0
2019-01-15,0.0,0.0,0.0,917.38,0,0,0
2019-01-16,0.0,0.0,0.0,924.2,0,0,0
2019-01-17,0.0,0.0,0.0,927.82,0,0,0
2019-01-18,0.0,0.0,0.0,938.04,0,0,0
2019-01-21,0.0,0.0,0.0,932.01,0,0,0
2019-01-22,0.0,0.0,0.0,933.01,0,0,0
2019-01-23,0.0,0.0,0.0,938.87,0,0,0
2019-01-24,0.0,0.0,0.0,948.79,0,0,0
2019-01-25,0.0,0.0,0.0,961.8,0,0,0
2019-01-28,0.0,0.0,0.0,960.55,0,0,0
2019-01-29,0.0,0.0,0.0,970.58,0,0,0
2019-01-30,0.0,0.0,0.0,984.99,0,0,0
2019-01-31,0.0,0.0,0.0,975.04,0,0,0
2019-02-01,0.0,0.0,0.0,972.02,0,0,0
2019-02-07,0.0,0.0,0.0,967.51,0,0,0
2019-02-08,0.0,0.0,0.0,953.34,0,0,0
2019-02-11,0.0,0.0,0.0,954.1,0,0,0
2019-02-12,0.0,0.0,0.0,955.76,0,0,0
2019-02-13,0.0,0.0,0.0,959.21,0,0,0
2019-02-14,0.0,0.0,0.0,964.06,0,0,0
2019-02-15,0.0,0.0,0.0,953.0,0,0,0
2019-02-18,0.0,0.0,0.0,957.77,0,0,0
2019-02-19,0.0,0.0,0.0,956.77,0,0,0
2019-02-20,0.0,0.0,0.0,965.41,0,0,0
2019-02-21,0.0,0.0,0.0,963.78,0,0,0
2019-02-22,0.0,0.0,0.0,959.57,0,0,0
2019-02-25,0.0,0.0,0.0,956.4,0,0,0
2019-02-26,0.0,0.0,0.0,960.41,0,0,0
2019-02-27,0.0,0.0,0.0,960.43,0,0,0
2019-02-28,0.0,0.0,0.0,949.88,0,0,0
2019-03-04,0.0,0.0,0.0,944.69,0,0,0
2019-03-05,0.0,0.0,0.0,934.39,0,0,0
2019-03-06,0.0,0.0,0.0,932.75,0,0,0
2019-03-07,0.0,0.0,0.0,930.33,0,0,0
2019-03-08,0.0,0.0,0.0,913.33,0,0,0
2019-03-11,0.0,0.0,0.0,912.47,0,0,0
2019-03-12,0.0,0.0,0.0,923.72,0,0,0
2019-03-13,0.0,0.0,0.0,914.45,0,0,0
2019-03-14,0.0,0.0,0.0,915.74,0,0,0
2019-03-15,0.0,0.0,0.0,926.46,0,0,0
2019-03-18,0.0,0.0,0.0,924.97,0,0,0
2019-03-19,0.0,0.0,0.0,926.3,0,0,0
2019-03-20,0.0,0.0,0.0,923.67,0,0,0
2019-03-21,0.0,0.0,0.0,937.7,0,0,0
2019-03-22,0.0,0.0,0.0,935.03,0,0,0
2019-03-25,0.0,0.0,0.0,913.4,0,0,0
2019-03-26,0.0,0.0,0.0,908.95,0,0,0
2019-03-27,0.0,0.0,0.0,904.23,0,0,0
2019-03-28,0.0,0.0,0.0,897.16,0,0,0
2019-03-29,0.0,0.0,0.0,904.88,0,0,0
2019-04-01,0.0,0.0,0.0,920.28,0,0,0
2019-04-02,0.0,0.0,0.0,927.9,0,0,0
2019-04-03,0.0,0.0,0.0,944.42,0,0,0
2019-04-04,0.0,0.0,0.0,941.86,0,0,0
2019-04-05,0.0,0.0,0.0,945.6,0,0,0
2019-04-08,0.0,0.0,0.0,946.47,0,0,0
2019-04-09,0.0,0.0,0.0,949.4,0,0,0
2019-04-10,0.0,0.0,0.0,953.88,0,0,0
2019-04-11,0.0,0.0,0.0,953.25,0,0,0
2019-04-12,0.0,0.0,0.0,948.83,0,0,0
2019-04-15,0.0,0.0,0.0,946.92,0,0,0
2019-04-16,0.0,0.0,0.0,955.72,0,0,0
2019-04-17,0.0,0.0,0.0,956.98,0,0,0
2019-04-18,0.0,0.0,0.0,947.3,0,0,0
2019-04-19,0.0,0.0,0.0,952.04,0,0,0
2019-04-22,0.0,0.0,0.0,951.97,0,0,0
2019-04-23,0.0,0.0,0.0,958.38,0,0,0
2019-04-24,0.0,0.0,0.0,948.64,0,0,0
2019-04-25,0.0,0.0,0.0,944.8,0,0,0
2019-04-26,0.0,0.0,0.0,932.93,0,0,0
2019-04-29,0.0,0.0,0.0,949.87,0,0,0
2019-04-30,0.0,0.0,0.0,942.21,0,0,0
2019-05-02,0.0,0.0,0.0,944.42,0,0,0
2019-05-03,0.0,0.0,0.0,941.45,0,0,0
2019-05-07,0.0,0.0,0.0,934.95,0,0,0
2019-05-08,0.0,0.0,0.0,931.55,0,0,0
2019-05-09,0.0,0.0,0.0,905.19,0,0,0
2019-05-10,0.0,0.0,0.0,904.91,0,0,0
2019-05-13,0.0,0.0,0.0,895.41,0,0,0
2019-05-14,0.0,0.0,0.0,895.19,0,0,0
2019-05-15,0.0,0.0,0.0,897.61,0,0,0
2019-05-16,0.0,0.0,0.0,885.35,0,0,0
2019-05-17,0.0,0.0,0.0,882.4,0,0,0
2019-05-20,0.0,0.0,0.0,881.29,0,0,0
2019-05-21,0.0,0.0,0.0,874.65,0,0,0
2019-05-22,0.0,0.0,0.0,873.77,0,0,0
2019-05-23,0.0,0.0,0.0,869.6,0,0,0
2019-05-24,0.0,0.0,0.0,867.78,0,0,0
2019-05-27,0.0,0.0,0.0,866.35,0,0,0
2019-05-28,0.0,0.0,0.0,869.04,0,0,0
2019-05-29,0.0,0.0,0.0,861.26,0,0,0
2019-05-30,0.0,0.0,0.0,867.91,0,0,0
2019-05-31,0.0,0.0,0.0,867.83,0,0,0
2019-06-03,0.0,0.0,0.0,886.07,0,0,0
2019-06-04,0.0,0.0,0.0,882.73,0,0,0
2019-06-05,0.0,0.0,0.0,880.37,0,0,0
2019-06-07,0.0,0.0,0.0,878.7,0,0,0
2019-06-10,0.0,0.0,0.0,892.93,0,0,0
2019-06-11,0.0,0.0,0.0,896.33,0,0,0
2019-06-12,0.0,0.0,0.0,894.63,0,0,0
2019-06-13,0.0,0.0,0.0,890.64,0,0,0
2019-06-14,0.0,0.0,0.0,883.16,0,0,0
2019-06-17,0.0,0.0,0.0,883.43,0,0,0
2019-06-18,0.0,0.0,0.0,886.88,0,0,0
2019-06-19,0.0,0.0,0.0,899.68,0,0,0
2019-06-20,0.0,0.0,0.0,905.9,0,0,0
2019-06-21,0.0,0.0,0.0,905.16,0,0,0
2019-06-24,0.0,0.0,0.0,905.88,0,0,0
2019-06-25,0.0,0.0,0.0,905.47,0,0,0
2019-06-26,0.0,0.0,0.0,908.89,0,0,0
2019-06-27,0.0,0.0,0.0,909.04,0,0,0
2019-06-28,0.0,0.0,0.0,909.39,0,0,0
2019-07-01,0.0,0.0,0.0,913.21,0,0,0
2019-07-02,0.0,0.0,0.0,907.8,0,0,0
2019-07-03,0.0,0.0,0.0,905.67,0,0,0
2019-07-04,0.0,0.0,0.0,913.0,0,0,0
2019-07-05,0.0,0.0,0.0,916.41,0,0,0
2019-07-08,0.0,0.0,0.0,900.08,0,0,0
2019-07-09,0.0,0.0,0.0,889.12,0,0,0
2019-07-10,0.0,0.0,0.0,890.21,0,0,0
2019-07-11,0.0,0.0,0.0,900.95,0,0,0
2019-07-12,0.0,0.0,0.0,902.63,0,0,0
2019-07-15,0.0,0.0,0.0,903.43,0,0,0
2019-07-16,0.0,0.0,0.0,908.01,0,0,0
2019-07-17,0.0,0.0,0.0,899.6,0,0,0
2019-07-18,0.0,0.0,0.0,898.44,0,0,0
2019-07-19,0.0,0.0,0.0,910.86,0,0,0
2019-07-22,0.0,0.0,0.0,910.36,0,0,0
2019-07-23,0.0,0.0,0.0,918.59,0,0,0
2019-07-24,0.0,0.0,0.0,910.51,0,0,0
2019-07-25,0.0,0.0,0.0,913.75,0,0,0
2019-07-26,0.0,0.0,0.0,921.87,0,0,0
2019-07-29,0.0,0.0,0.0,907.43,0,0,0
2019-07-30,0.0,0.0,0.0,909.22,0,0,0
2019-07-31,0.0,0.0,0.0,900.91,0,0,0
2019-08-01,0.0,0.0,0.0,895.52,0,0,0
2019-08-02,0.0,0.0,0.0,891.99,0,0,0
2019-08-05,0.0,0.0,0.0,868.13,0,0,0
2019-08-06,0.0,0.0,0.0,855.02,0,0,0
2019-08-07,0.0,0.0,0.0,855.47,0,0,0
2019-08-08,0.0,0.0,0.0,854.92,0,0,0
2019-08-09,0.0,0.0,0.0,863.21,0,0,0
2019-08-12,0.0,0.0,0.0,865.97,0,0,0
2019-08-13,0.0,0.0,0.0,858.22,0,0,0
2019-08-14,0.0,0.0,0.0,864.18,0,0,0
2019-08-16,0.0,0.0,0.0,859.03,0,0,0
2019-08-19,0.0,0.0,0.0,863.39,0,0,0
2019-08-20,0.0,0.0,0.0,874.37,0,0,0
2019-08-21,0.0,0.0,0.0,878.38,0,0,0
2019-08-22,0.0,0.0,0.0,868.76,0,0,0
2019-08-23,0.0,0.0,0.0,873.34,0,0,0
2019-08-26,0.0,0.0,0.0,853.83,0,0,0
2019-08-27,0.0,0.0,0.0,861.59,0,0,0
2019-08-28,0.0,0.0,0.0,871.51,0,0,0
2019-08-29,0.0,0.0,0.0,865.22,0,0,0
2019-08-30,0.0,0.0,0.0,877.63,0,0,0
2019-09-02,0.0,0.0,0.0,878.83,0,0,0
2019-09-03,0.0,0.0,0.0,876.48,0,0,0
2019-09-04,0.0,0.0,0.0,886.73,0,0,0
2019-09-05,0.0,0.0,0.0,889.44,0,0,0
2019-09-06,0.0,0.0,0.0,892.95,0,0,0
2019-09-09,0.0,0.0,0.0,900.05,0,0,0
2019-09-10,0.0,0.0,0.0,901.57,0,0,0
2019-09-11,0.0,0.0,0.0,911.75,0,0,0
2019-09-16,0.0,0.0,0.0,910.71,0,0,0
2019-09-17,0.0,0.0,0.0,911.83,0,0,0
2019-09-18,0.0,0.0,0.0,916.91,0,0,0
2019-09-19,0.0,0.0,0.0,920.67,0,0,0
2019-09-20,0.0,0.0,0.0,925.22,0,0,0
2019-09-23,0.0,0.0,0.0,926.74,0,0,0
2019-09-24,0.0,0.0,0.0,931.65,0,0,0
2019-09-25,0.0,0.0,0.0,919.68,0,0,0
2019-09-26,0.0,0.0,0.0,919.67,0,0,0
2019-09-27,0.0,0.0,0.0,907.61,0,0,0
2019-09-30,0.0,0.0,0.0,912.5,0,0,0
2019-10-01,0.0,0.0,0.0,918.44,0,0,0
2019-10-02,0.0,0.0,0.0,896.73,0,0,0
2019-10-04,0.0,0.0,0.0,890.78,0,0,0
2019-10-07,0.0,0.0,0.0,894.85,0,0,0
2019-10-08,0.0,0.0,0.0,905.13,0,0,0
2019-10-10,0.0,0.0,0.0,898.66,0,0,0
2019-10-11,0.0,0.0,0.0,908.81,0,0,0
2019-10-14,0.0,0.0,0.0,912.55,0,0,0
2019-10-15,0.0,0.0,0.0,911.18,0,0,0
2019-10-16,0.0,0.0,0.0,919.48,0,0,0
2019-10-17,0.0,0.0,0.0,918.09,0,0,0
2019-10-18,0.0,0.0,0.0,902.48,0,0,0
2019-10-21,0.0,0.0,0.0,903.47,0,0,0
2019-10-22,0.0,0.0,0.0,913.95,0,0,0
2019-10-23,0.0,0.0,0.0,912.97,0,0,0
2019-10-24,0.0,0.0,0.0,916.36,0,0,0
2019-10-25,0.0,0.0,0.0,918.92,0,0,0
2019-10-28,0.0,0.0,0.0,924.63,0,0,0
2019-10-29,0.0,0.0,0.0,923.31,0,0,0
2019-10-30,0.0,0.0,0.0,922.29,0,0,0
2019-10-31,0.0,0.0,0.0,931.53,0,0,0
2019-11-01,0.0,0.0,0.0,939.3,0,0,0
2019-11-04,0.0,0.0,0.0,947.15,0,0,0
2019-11-05,0.0,0.0,0.0,948.8,0,0,0
2019-11-06,0.0,0.0,0.0,950.23,0,0,0
2019-11-07,0.0,0.0,0.0,951.71,0,0,0
2019-11-08,0.0,0.0,0.0,949.12,0,0,0
2019-11-11,0.0,0.0,0.0,944.13,0,0,0
2019-11-12,0.0,0.0,0.0,950.06,0,0,0
2019-11-13,0.0,0.0,0.0,940.09,0,0,0
2019-11-14,0.0,0.0,0.0,966.31,0,0,0
2019-11-15,0.0,0.0,0.0,968.56,0,0,0
2019-11-18,0.0,0.0,0.0,973.62,0,0,0
2019-11-19,0.0,0.0,0.0,964.99,0,0,0
2019-11-20,0.0,0.0,0.0,953.8,0,0,0
2019-11-21,0.0,0.0,0.0,941.19,0,0,0
2019-11-22,0.0,0.0,0.0,940.72,0,0,0
2019-11-25,0.0,0.0,0.0,957.07,0,0,0
2019-11-26,0.0,0.0,0.0,954.37,0,0,0
2019-11-27,0.0,0.0,0.0,956.14,0,0,0
2019-11-28,0.0,0.0,0.0,953.47,0,0,0
2019-11-29,0.0,0.0,0.0,941.45,0,0,0
2019-12-02,0.0,0.0,0.0,944.22,0,0,0
2019-12-03,0.0,0.0,0.0,942.39,0,0,0
2019-12-04,0.0,0.0,0.0,938.37,0,0,0
2019-12-05,0.0,0.0,0.0,929.09,0,0,0
2019-12-06,0.0,0.0,0.0,939.14,0,0,0
2019-12-09,0.0,0.0,0.0,940.69,0,0,0
2019-12-10,0.0,0.0,0.0,940.52,0,0,0
2019-12-11,0.0,0.0,0.0,941.53,0,0,0
2019-12-12,0.0,0.0,0.0,952.61,0,0,0
2019-12-13,0.0,0.0,0.0,968.05,0,0,0
2019-12-16,0.0,0.0,0.0,971.06,0,0,0
2019-12-17,0.0,0.0,0.0,987.58,0,0,0
2019-12-18,0.0,0.0,0.0,988.6,0,0,0
2019-12-19,0.0,0.0,0.0,996.3,0,0,0
2019-12-20,0.0,0.0,0.0,1003.76,0,0,0
2019-12-23,0.0,0.0,0.0,1002.57,0,0,0
2019-12-24,0.0,0.0,0.0,994.99,0,0,0
2019-12-26,0.0,0.0,0.0,996.63,0,0,0
2019-12-27,0.0,0.0,0.0,1002.52,0,0,0
2019-12-30,0.0,0.0,0.0,1000.35,0,0,0
2020-01-02,0.0,0.0,0.0,993.76,0,0,0
2020-01-03,0.0,0.0,0.0,989.66,0,0,0
2020-01-06,0.0,0.0,0.0,978.79,0,0,0
2020-01-07,0.0,0.0,0.0,989.2,0,0,0
2020-01-08,0.0,0.0,0.0,978.29,0,0,0
2020-01-09,0.0,0.0,0.0,994.24,0,0,0
2020-01-10,0.0,0.0,0.0,1004.48,0,0,0
2020-01-13,0.0,0.0,0.0,1015.34,0,0,0
2020-01-14,0.0,0.0,0.0,1018.26,0,0,0
2020-01-15,0.0,0.0,0.0,1011.89,0,0,0
2020-01-16,0.0,0.0,0.0,1020.48,0,0,0
2020-01-17,0.0,0.0,0.0,1018.57,0,0,0
2020-01-20,0.0,0.0,0.0,1030.12,0,0,0
2020-01-21,0.0,0.0,0.0,1016.3,0,0,0
2020-01-22,0.0,0.0,0.0,1035.6,0,0,0
2020-01-23,0.0,0.0,0.0,1030.52,0,0,0
2020-01-28,0.0,0.0,0.0,1001.25,0,0,0
2020-01-29,0.0,0.0,0.0,1006.76,0,0,0
2020-01-30,0.0,0.0,0.0,989.38,0,0,0
2020-01-31,0.0,0.0,0.0,978.9,0,0,0
2020-02-03,0.0,0.0,0.0,978.13,0,0,0
2020-02-04,0.0,0.0,0.0,999.49,0,0,0
2020-02-05,0.0,0.0,0.0,1001.49,0,0,0
2020-02-06,0.0,0.0,0.0,1027.4,0,0,0
2020-02-07,0.0,0.0,0.0,1026.26,0,0,0
2020-02-10,0.0,0.0,0.0,1021.45,0,0,0
2020-02-11,0.0,0.0,0.0,1036.91,0,0,0
2020-02-12,0.0,0.0,0.0,1041.36,0,0,0
2020-02-13,0.0,0.0,0.0,1044.04,0,0,0
2020-02-14,0.0,0.0,0.0,1053.04,0,0,0
2020-02-17,0.0,0.0,0.0,1061.1,0,0,0
2020-02-18,0.0,0.0,0.0,1045.09,0,0,0
2020-02-19,0.0,0.0,0.0,1044.41,0,0,0
2020-02-20,0.0,0.0,0.0,1043.86,0,0,0
2020-02-21,0.0,0.0,0.0,1031.28,0,0,0
2020-02-24,0.0,0.0,0.0,997.44,0,0,0
2020-02-25,0.0,0.0,0.0,1004.38,0,0,0
2020-02-26,0.0,0.0,0.0,988.33,0,0,0
2020-02-27,0.0,0.0,0.0,972.07,0,0,0
2020-02-28,0.0,0.0,0.0,933.95,0,0,0
2020-03-02,0.0,0.0,0.0,942.6,0,0,0
2020-03-03,0.0,0.0,0.0,945.76,0,0,0
2020-03-04,0.0,0.0,0.0,966.29,0,0,0
2020-03-05,0.0,0.0,0.0,981.07,0,0,0
2020-03-06,0.0,0.0,0.0,962.13,0,0,0
2020-03-09,0.0,0.0,0.0,924.06,0,0,0
2020-03-10,0.0,0.0,0.0,930.47,0,0,0
2020-03-11,0.0,0.0,0.0,905.39,0,0,0
2020-03-12,0.0,0.0,0.0,878.4,0,0,0
2020-03-13,0.0,0.0,0.0,855.31,0,0,0
2020-03-16,0.0,0.0,0.0,819.27,0,0,0
2020-03-17,0.0,0.0,0.0,801.42,0,0,0
2020-03-18,0.0,0.0,0.0,754.18,0,0,0
2020-03-19,0.0,0.0,0.0,701.49,0,0,0
2020-03-20,0.0,0.0,0.0,752.35,0,0,0
2020-03-23,0.0,0.0,0.0,726.37,0,0,0
2020-03-24,0.0,0.0,0.0,789.76,0,0,0
2020-03-25,0.0,0.0,0.0,825.54,0,0,0
2020-03-26,0.0,0.0,0.0,806.74,0,0,0
2020-03-27,0.0,0.0,0.0,830.65,0,0,0
2020-03-30,0.0,0.0,0.0,827.26,0,0,0
2020-03-31,0.0,0.0,0.0,857.86,0,0,0
2020-04-01,0.0,0.0,0.0,813.8,0,0,0
2020-04-02,0.0,0.0,0.0,829.3,0,0,0
2020-04-03,0.0,0.0,0.0,827.7,0,0,0
2020-04-06,0.0,0.0,0.0,853.1,0,0,0
2020-04-07,0.0,0.0,0.0,862.49,0,0,0
2020-04-08,0.0,0.0,0.0,854.76,0,0,0
2020-04-09,0.0,0.0,0.0,868.9,0,0,0
2020-04-10,0.0,0.0,0.0,881.57,0,0,0
2020-04-13,0.0,0.0,0.0,873.85,0,0,0
2020-04-14,0.0,0.0,0.0,890.15,0,0,0
2020-04-16,0.0,0.0,0.0,887.85,0,0,0
2020-04-17,0.0,0.0,0.0,911.3,0,0,0
2020-04-20,0.0,0.0,0.0,905.55,0,0,0
2020-04-21,0.0,0.0,0.0,899.35,0,0,0
2020-04-22,0.0,0.0,0.0,914.98,0,0,0
2020-04-23,0.0,0.0,0.0,926.13,0,0,0
2020-04-24,0.0,0.0,0.0,917.18,0,0,0
2020-04-27,0.0,0.0,0.0,932.2,0,0,0
2020-04-28,0.0,0.0,0.0,939.78,0,0,0
2020-04-29,0.0,0.0,0.0,949.73,0,0,0
2020-05-04,0.0,0.0,0.0,922.65,0,0,0
2020-05-06,0.0,0.0,0.0,944.07,0,0,0
2020-05-07,0.0,0.0,0.0,939.75,0,0,0
2020-05-08,0.0,0.0,0.0,947.74,0,0,0
2020-05-11,0.0,0.0,0.0,937.99,0,0,0
2020-05-12,0.0,0.0,0.0,935.06,0,0,0
2020-05-13,0.0,0.0,0.0,940.57,0,0,0
2020-05-14,0.0,0.0,0.0,934.92,0,0,0
2020-05-15,0.0,0.0,0.0,927.87,0,0,0
2020-05-18,0.0,0.0,0.0,928.57,0,0,0
2020-05-19,0.0,0.0,0.0,947.05,0,0,0
2020-05-20,0.0,0.0,0.0,956.08,0,0,0
2020-05-21,0.0,0.0,0.0,961.78,0,0,0
2020-05-22,0.0,0.0,0.0,951.53,0,0,0
2020-05-25,0.0,0.0,0.0,966.56,0,0,0
2020-05-26,0.0,0.0,0.0,978.38,0,0,0
2020-05-27,0.0,0.0,0.0,965.8,0,0,0
2020-05-28,0.0,0.0,0.0,975.53,0,0,0
2020-05-29,0.0,0.0,0.0,964.16,0,0,0
2020-06-01,0.0,0.0,0.0,992.56,0,0,0
2020-06-02,0.0,0.0,0.0,994.04,0,0,0
2020-06-03,0.0,0.0,0.0,1020.23,0,0,0
2020-06-04,0.0,0.0,0.0,1035.48,0,0,0
2020-06-05,0.0,0.0,0.0,1053.72,0,0,0
2020-06-08,0.0,0.0,0.0,1063.36,0,0,0
2020-06-09,0.0,0.0,0.0,1061.14,0,0,0
2020-06-10,0.0,0.0,0.0,1066.95,0,0,0
2020-06-11,0.0,0.0,0.0,1066.51,0,0,0
2020-06-12,0.0,0.0,0.0,1050.07,0,0,0
2020-06-15,0.0,0.0,0.0,996.84,0,0,0
2020-06-16,0.0,0.0,0.0,1061.0,0,0,0
2020-06-17,0.0,0.0,0.0,1058.91,0,0,0
2020-06-18,0.0,0.0,0.0,1052.59,0,0,0
2020-06-19,0.0,0.0,0.0,1060.48,0,0,0
2020-06-22,0.0,0.0,0.0,1057.91,0,0,0
2020-06-23,0.0,0.0,0.0,1073.6,0,0,0
2020-06-24,0.0,0.0,0.0,1098.0,0,0,0
2020-06-25,0.0,0.0,0.0,1065.48,0,0,0
2020-06-26,0.0,0.0,0.0,1077.3,0,0,0
2020-06-29,0.0,0.0,0.0,1056.24,0,0,0
2020-06-30,0.0,0.0,0.0,1060.84,0,0,0
2020-07-01,0.0,0.0,0.0,1058.17,0,0,0
2020-07-02,0.0,0.0,0.0,1074.86,0,0,0
2020-07-03,0.0,0.0,0.0,1078.72,0,0,0
2020-07-06,0.0,0.0,0.0,1089.78,0,0,0
2020-07-07,0.0,0.0,0.0,1081.0,0,0,0
2020-07-08,0.0,0.0,0.0,1078.65,0,0,0
2020-07-09,0.0,0.0,0.0,1086.12,0,0,0
2020-07-10,0.0,0.0,0.0,1077.84,0,0,0
2020-07-13,0.0,0.0,0.0,1100.3,0,0,0
2020-07-14,0.0,0.0,0.0,1097.26,0,0,0
2020-07-15,0.0,0.0,0.0,1112.32,0,0,0
2020-07-16,0.0,0.0,0.0,1096.36,0,0,0
2020-07-17,0.0,0.0,0.0,1114.53,0,0,0
2020-07-20,0.0,0.0,0.0,1106.5,0,0,0
2020-07-21,0.0,0.0,0.0,1124.14,0,0,0
2020-07-22,0.0,0.0,0.0,1119.03,0,0,0
2020-07-23,0.0,0.0,0.0,1123.27,0,0,0
2020-07-24,0.0,0.0,0.0,1108.61,0,0,0
2020-07-27,0.0,0.0,0.0,1115.69,0,0,0
2020-07-28,0.0,0.0,0.0,1131.55,0,0,0
2020-07-29,0.0,0.0,0.0,1139.0,0,0,0
2020-07-30,0.0,0.0,0.0,1141.32,0,0,0
2020-07-31,0.0,0.0,0.0,1135.76,0,0,0
2020-08-03,0.0,0.0,0.0,1151.07,0,0,0
2020-08-04,0.0,0.0,0.0,1161.82,0,0,0
2020-08-05,0.0,0.0,0.0,1177.88,0,0,0
2020-08-06,0.0,0.0,0.0,1208.55,0,0,0
2020-08-07,0.0,0.0,0.0,1222.43,0,0,0
2020-08-10,0.0,0.0,0.0,1252.84,0,0,0
2020-08-11,0.0,0.0,0.0,1286.06,0,0,0
2020-08-12,0.0,0.0,0.0,1271.86,0,0,0
2020-08-13,0.0,0.0,0.0,1276.92,0,0,0
2020-08-14,0.0,0.0,0.0,1259.47,0,0,0
2020-08-18,0.0,0.0,0.0,1226.05,0,0,0
2020-08-19,0.0,0.0,0.0,1234.81,0,0,0
2020-08-20,0.0,0.0,0.0,1192.26,0,0,0
2020-08-21,0.0,0.0,0.0,1217.96,0,0,0
2020-08-24,0.0,0.0,0.0,1235.31,0,0,0
2020-08-25,0.0,0.0,0.0,1248.37,0,0,0
2020-08-26,0.0,0.0,0.0,1260.91,0,0,0
2020-08-27,0.0,0.0,0.0,1244.88,0,0,0
2020-08-28,0.0,0.0,0.0,1256.26,0,0,0
2020-08-31,0.0,0.0,0.0,1231.88,0,0,0
2020-09-01,0.0,0.0,0.0,1251.96,0,0,0
2020-09-02,0.0,0.0,0.0,1249.25,0,0,0
2020-09-03,0.0,0.0,0.0,1265.26,0,0,0
2020-09-04,0.0,0.0,0.0,1239.54,0,0,0
2020-09-07,0.0,0.0,0.0,1233.02,0,0,0
2020-09-08,0.0,0.0,0.0,1240.12,0,0,0
2020-09-09,0.0,0.0,0.0,1220.37,0,0,0
2020-09-10,0.0,0.0,0.0,1229.48,0,0,0
2020-09-11,0.0,0.0,0.0,1235.92,0,0,0
2020-09-14,0.0,0.0,0.0,1255.21,0,0,0
2020-09-15,0.0,0.0,0.0,1266.02,0,0,0
2020-09-16,0.0,0.0,0.0,1258.7,0,0,0
2020-09-17,0.0,0.0,0.0,1241.0,0,0,0
2020-09-18,0.0,0.0,0.0,1244.38,0,0,0
2020-09-21,0.0,0.0,0.0,1230.9,0,0,0
2020-09-22,0.0,0.0,0.0,1207.94,0,0,0
2020-09-23,0.0,0.0,0.0,1209.77,0,0,0
2020-09-24,0.0,0.0,0.0,1175.97,0,0,0
2020-09-25,0.0,0.0,0.0,1184.67,0,0,0
2020-09-28,0.0,0.0,0.0,1197.64,0,0,0
2020-09-29,0.0,0.0,0.0,1211.41,0,0,0
2020-10-05,0.0,0.0,0.0,1232.78,0,0,0
2020-10-06,0.0,0.0,0.0,1232.49,0,0,0
2020-10-07,0.0,0.0,0.0,1241.97,0,0,0
2020-10-08,0.0,0.0,0.0,1240.24,0,0,0
2020-10-12,0.0,0.0,0.0,1242.34,0,0,0
2020-10-13,0.0,0.0,0.0,1240.25,0,0,0
2020-10-14,0.0,0.0,0.0,1225.77,0,0,0
2020-10-15,0.0,0.0,0.0,1223.95,0,0,0
2020-10-16,0.0,0.0,0.0,1213.73,0,0,0
2020-10-19,0.0,0.0,0.0,1203.5,0,0,0
2020-10-20,0.0,0.0,0.0,1207.42,0,0,0
2020-10-21,0.0,0.0,0.0,1204.56,0,0,0
2020-10-22,0.0,0.0,0.0,1202.6,0,0,0
2020-10-23,0.0,0.0,0.0,1213.06,0,0,0
2020-10-26,0.0,0.0,0.0,1229.2,0,0,0
2020-10-27,0.0,0.0,0.0,1227.7,0,0,0
2020-10-28,0.0,0.0,0.0,1235.73,0,0,0
2020-10-29,0.0,0.0,0.0,1222.05,0,0,0
2020-10-30,0.0,0.0,0.0,1184.39,0,0,0
2020-11-02,0.0,0.0,0.0,1202.38,0,0,0
2020-11-03,0.0,0.0,0.0,1220.77,0,0,0
2020-11-04,0.0,0.0,0.0,1233.04,0,0,0
2020-11-05,0.0,0.0,0.0,1262.67,0,0,0
2020-11-06,0.0,0.0,0.0,1267.89,0,0,0
2020-11-09,0.0,0.0,0.0,1279.3,0,0,0
2020-11-10,0.0,0.0,0.0,1271.39,0,0,0
2020-11-11,0.0,0.0,0.0,1291.38,0,0,0
2020-11-12,0.0,0.0,0.0,1286.0,0,0,0
2020-11-13,0.0,0.0,0.0,1296.39,0,0,0
2020-11-16,0.0,0.0,0.0,1312.17,0,0,0
2020-11-17,0.0,0.0,0.0,1311.23,0,0,0
2020-11-18,0.0,0.0,0.0,1316.21,0,0,0
2020-11-19,0.0,0.0,0.0,1316.83,0,0,0
2020-11-20,0.0,0.0,0.0,1314.81,0,0,0
2020-11-23,0.0,0.0,0.0,1342.02,0,0,0
2020-11-24,0.0,0.0,0.0,1356.38,0,0,0
2020-11-25,0.0,0.0,0.0,1356.46,0,0,0
2020-11-26,0.0,0.0,0.0,1366.49,0,0,0
2020-11-27,0.0,0.0,0.0,1367.55,0,0,0
2020-11-30,0.0,0.0,0.0,1351.55,0,0,0
2020-12-01,0.0,0.0,0.0,1374.81,0,0,0
2020-12-02,0.0,0.0,0.0,1397.17,0,0,0
2020-12-03,0.0,0.0,0.0,1420.84,0,0,0
2020-12-04,0.0,0.0,0.0,1451.74,0,0,0
2020-12-07,0.0,0.0,0.0,1457.3,0,0,0
2020-12-08,0.0,0.0,0.0,1419.26,0,0,0
2020-12-09,0.0,0.0,0.0,1448.49,0,0,0
2020-12-10,0.0,0.0,0.0,1437.94,0,0,0
2020-12-11,0.0,0.0,0.0,1449.15,0,0,0
2020-12-14,0.0,0.0,0.0,1442.87,0,0,0
2020-12-15,0.0,0.0,0.0,1442.36,0,0,0
2020-12-16,0.0,0.0,0.0,1454.05,0,0,0
2020-12-17,0.0,0.0,0.0,1451.96,0,0,0
2020-12-18,0.0,0.0,0.0,1447.66,0,0,0
2020-12-21,0.0,0.0,0.0,1452.79,0,0,0
2020-12-22,0.0,0.0,0.0,1437.79,0,0,0
2020-12-23,0.0,0.0,0.0,1451.97,0,0,0
2020-12-24,0.0,0.0,0.0,1466.31,0,0,0
2020-12-28,0.0,0.0,0.0,1461.04,0,0,0
2020-12-29,0.0,0.0,0.0,1485.52,0,0,0
2020-12-30,0.0,0.0,0.0,1511.85,0,0,0
2021-01-04,0.0,0.0,0.0,1563.42,0,0,0
2021-01-05,0.0,0.0,0.0,1578.63,0,0,0
2021-01-06,0.0,0.0,0.0,1560.62,0,0,0
2021-01-07,0.0,0.0,0.0,1598.07,0,0,0
2021-01-08,0.0,0.0,0.0,1698.14,0,0,0
2021-01-11,0.0,0.0,0.0,1714.72,0,0,0
2021-01-12,0.0,0.0,0.0,1695.24,0,0,0
2021-01-13,0.0,0.0,0.0,1712.89,0,0,0
2021-01-14,0.0,0.0,0.0,1700.22,0,0,0
2021-01-15,0.0,0.0,0.0,1655.35,0,0,0
2021-01-18,0.0,0.0,0.0,1613.99,0,0,0
2021-01-19,0.0,0.0,0.0,1656.71,0,0,0
2021-01-20,0.0,0.0,0.0,1657.76,0,0,0
2021-01-21,0.0,0.0,0.0,1684.13,0,0,0
2021-01-22,0.0,0.0,0.0,1691.1,0,0,0
2021-01-25,0.0,0.0,0.0,1730.66,0,0,0
2021-01-26,0.0,0.0,0.0,1687.75,0,0,0
2021-01-27,0.0,0.0,0.0,1677.72,0,0,0
2021-01-28,0.0,0.0,0.0,1653.92,0,0,0
2021-01-29,0.0,0.0,0.0,1606.13,0,0,0
2021-02-01,0.0,0.0,0.0,1650.04,0,0,0
2021-02-02,0.0,0.0,0.0,1672.46,0,0,0
2021-02-03,0.0,0.0,0.0,1699.58,0,0,0
2021-02-04,0.0,0.0,0.0,1672.93,0,0,0
2021-02-05,0.0,0.0,0.0,1694.75,0,0,0
2021-02-08,0.0,0.0,0.0,1667.03,0,0,0
2021-02-09,0.0,0.0,0.0,1663.72,0,0,0
2021-02-10,0.0,0.0,0.0,1687.68,0,0,0
2021-02-15,0.0,0.0,0.0,1729.73,0,0,0
2021-02-16,0.0,0.0,0.0,1730.95,0,0,0
2021-02-17,0.0,0.0,0.0,1710.62,0,0,0
2021-02-18,0.0,0.0,0.0,1675.78,0,0,0
2021-02-19,0.0,0.0,0.0,1692.81,0,0,0
2021-02-22,0.0,0.0,0.0,1662.95,0,0,0
2021-02-23,0.0,0.0,0.0,1652.36,0,0,0
2021-02-24,0.0,0.0,0.0,1607.18,0,0,0
2021-02-25,0.0,0.0,0.0,1670.53,0,0,0
2021-02-26,0.0,0.0,0.0,1615.66,0,0,0
2021-03-02,0.0,0.0,0.0,1636.73,0,0,0
2021-03-03,0.0,0.0,0.0,1659.18,0,0,0
2021-03-04,0.0,0.0,0.0,1630.2,0,0,0
2021-03-05,0.0,0.0,0.0,1617.97,0,0,0
2021-03-08,0.0,0.0,0.0,1585.39,0,0,0
2021-03-09,0.0,0.0,0.0,1566.46,0,0,0
2021-03-10,0.0,0.0,0.0,1573.55,0,0,0
2021-03-11,0.0,0.0,0.0,1620.75,0,0,0
2021-03-12,0.0,0.0,0.0,1642.36,0,0,0
2021-03-15,0.0,0.0,0.0,1635.71,0,0,0
2021-03-16,0.0,0.0,0.0,1634.76,0,0,0
2021-03-17,0.0,0.0,0.0,1611.72,0,0,0
2021-03-18,0.0,0.0,0.0,1636.46,0,0,0
2021-03-19,0.0,0.0,0.0,1612.53,0,0,0
2021-03-22,0.0,0.0,0.0,1598.57,0,0,0
2021-03-23,0.0,0.0,0.0,1577.67,0,0,0
2021-03-24,0.0,0.0,0.0,1580.31,0,0,0
2021-03-25,0.0,0.0,0.0,1581.49,0,0,0
2021-03-26,0.0,0.0,0.0,1593.7,0,0,0
2021-03-29,0.0,0.0,0.0,1588.97,0,0,0
2021-03-30,0.0,0.0,0.0,1614.01,0,0,0
2021-03-31,0.0,0.0,0.0,1604.63,0,0,0
2021-04-01,0.0,0.0,0.0,1624.37,0,0,0
2021-04-02,0.0,0.0,0.0,1640.37,0,0,0
2021-04-05,0.0,0.0,0.0,1631.95,0,0,0
2021-04-06,0.0,0.0,0.0,1647.67,0,0,0
2021-04-07,0.0,0.0,0.0,1651.54,0,0,0
2021-04-08,0.0,0.0,0.0,1657.97,0,0,0
2021-04-09,0.0,0.0,0.0,1653.36,0,0,0
2021-04-12,0.0,0.0,0.0,1648.24,0,0,0
2021-04-13,0.0,0.0,0.0,1683.81,0,0,0
2021-04-14,0.0,0.0,0.0,1694.82,0,0,0
2021-04-15,0.0,0.0,0.0,1705.37,0,0,0
2021-04-16,0.0,0.0,0.0,1704.75,0,0,0
2021-04-19,0.0,0.0,0.0,1697.8,0,0,0
2021-04-20,0.0,0.0,0.0,1701.45,0,0,0
2021-04-21,0.0,0.0,0.0,1659.09,0,0,0
2021-04-22,0.0,0.0,0.0,1656.93,0,0,0
2021-04-23,0.0,0.0,0.0,1660.02,0,0,0
2021-04-26,0.0,0.0,0.0,1669.48,0,0,0
2021-04-27,0.0,0.0,0.0,1671.55,0,0,0
2021-04-28,0.0,0.0,0.0,1644.87,0,0,0
2021-04-29,0.0,0.0,0.0,1650.39,0,0,0
2021-04-30,0.0,0.0,0.0,1620.25,0,0,0
2021-05-03,0.0,0.0,0.0,1616.03,0,0,0
2021-05-04,0.0,0.0,0.0,1635.69,0,0,0
2021-05-06,0.0,0.0,0.0,1628.58,0,0,0
2021-05-07,0.0,0.0,0.0,1630.71,0,0,0
2021-05-10,0.0,0.0,0.0,1650.6,0,0,0
2021-05-11,0.0,0.0,0.0,1616.75,0,0,0
2021-05-12,0.0,0.0,0.0,1589.94,0,0,0
2021-05-13,0.0,0.0,0.0,1561.59,0,0,0
2021-05-14,0.0,0.0,0.0,1585.07,0,0,0
2021-05-17,0.0,0.0,0.0,1584.61,0,0,0
2021-05-18,0.0,0.0,0.0,1605.74,0,0,0
2021-05-20,0.0,0.0,0.0,1607.91,0,0,0
2021-05-21,0.0,0.0,0.0,1619.6,0,0,0
2021-05-24,0.0,0.0,0.0,1605.86,0,0,0
2021-05-25,0.0,0.0,0.0,1622.51,0,0,0
2021-05-26,0.0,0.0,0.0,1617.1,0,0,0
2021-05-27,0.0,0.0,0.0,1615.01,0,0,0
2021-05-28,0.0,0.0,0.0,1627.86,0,0,0
2021-05-31,0.0,0.0,0.0,1632.57,0,0,0
2021-06-01,0.0,0.0,0.0,1649.94,0,0,0
2021-06-02,0.0,0.0,0.0,1636.33,0,0,0
2021-06-03,0.0,0.0,0.0,1645.99,0,0,0
2021-06-04,0.0,0.0,0.0,1637.46,0,0,0
2021-06-07,0.0,0.0,0.0,1645.92,0,0,0
2021-06-08,0.0,0.0,0.0,1650.53,0,0,0
2021-06-09,0.0,0.0,0.0,1628.39,0,0,0
2021-06-10,0.0,0.0,0.0,1647.98,0,0,0
2021-06-11,0.0,0.0,0.0,1675.9,0,0,0
2021-06-14,1674.42,1693.1,1673.94,1691.6,24955791,3588356446405,954956739530000
2021-06-15,1693.26,1700.36,1685.98,1695.22,21104327,2953716256470,958806161654800
2021-06-16,1695.56,1701.42,1687.01,1697.81,26232472,3410144569727,964639926479700
2021-06-17,1694.08,1700.79,1682.59,1693.8,26177581,3499022782500,958766346898700
2021-06-18,1694.83,1719.01,1694.83,1707.48,31055690,4372543270418,960293668081000
2021-06-21,1705.59,1712.86,1690.56,1706.01,33225509,4416139073400,955546785769800
2021-06-22,1706.94,1726.84,1706.94,1724.57,24958983,3484809404518,961169572365600
2021-06-23,1725.88,1762.98,1725.82,1759.17,33074371,5207540619857,974171826442900
2021-06-24,1764.6,1778.87,1738.85,1745.43,49436096,7214791544309,975677445942200
2021-06-25,1748.62,1754.31,1729.43,1736.82,33873499,4905412200153,976115697674900
2021-06-28,1738.88,1741.17,1720.94,1725.29,23188701,3002459933110,973762044704500
2021-06-29,1729.71,1736.45,1720.25,1728.86,25810801,3205727968728,970131419570500
2021-06-30,1729.04,1755.34,1729.04,1749.7,29429581,4200125514412,975727636084700
2021-07-01,1750.84,1752.68,1737.36,1744.69,27797661,3970202500315,969612816968000
2021-07-02,1743.38,1747.5,1734.78,1736.22,22230787,3084986567704,966333400563000
2021-07-05,1738.32,1749.55,1734.48,1736.22,19370249,2761173151700,968468433750300
2021-07-06,1738.66,1749.79,1738.37,1745.06,19819198,2585445469300,976004605661900
2021-07-07,1743.44,1751.36,1740.14,1745.08,27618431,3537733182200,974076235397600
2021-07-08,1746.99,1756.5,1732.83,1733.49,29548010,3979759798100,965725024510300
2021-07-09,1728.53,1729.15,1693.98,1710.15,37576894,4687038380613,955493120927000
2021-07-12,1716.25,1728.62,1716.25,1725.08,18876868,2473436445524,961563745340400
2021-07-13,1728.89,1746.83,1728.89,1743.96,20912491,3166976363000,968770566579300
2021-07-14,1742.81,1746.55,1736.8,1743.39,21387240,2936900045985,967679798420700
2021-07-15,1745.03,1749.35,1735.5,1748.65,23085076,3255088557133,974166580959400
2021-07-16,1745.68,1745.68,1730.52,1739.47,21315107,3024936250840,966521034909200
2021-07-19,1725.63,1726.18,1713.45,1715.32,22113551,2740643274808,954642231817100
2021-07-20,1710.18,1718.02,1701.75,1713.84,26387376,3523995528600,953258631023200
2021-07-21,1731.24,1732.51,1693.09,1694.12,29515945,3935181181700,943503311840700
2021-07-22,1702.94,1719.31,1702.87,1716.78,25205508,3321173035307,957831323713800
2021-07-23,1722.53,1726.81,1713.43,1720.31,22468727,3299411050011,957189345927800
2021-07-26,1729.15,1730.24,1697.1,1699.77,20532131,2909938171400,948688992436800
2021-07-27,1712.14,1717.8,1706.45,1709.29,21729982,3107523948900,949485089285800
2021-07-28,1702.67,1708.19,1688.34,1700.39,25771567,3412985817778,949659714415200
2021-07-29,1708.29,1710.31,1696.91,1701.42,22070514,2580502552400,948711551835600
2021-07-30,1698.14,1698.89,1672.36,1672.36,24695513,3190077502475,938157542811200
2021-08-02,1681.46,1695.78,1671.05,1695.78,22034539,2830459010950,949681505943400
2021-08-03,1698.39,1707.27,1691.08,1707.09,35217361,3991712299787,964573281520100
2021-08-04,1713.37,1730.24,1702.69,1727.21,36910654,4165806412412,979075673747000
2021-08-05,1728.95,1739.32,1724.64,1730.08,28154040,3561092465180,975603130969400
2021-08-06,1730.49,1736.01,1718.22,1722.05,22268142,2793225783900,968820531106200
2021-08-09,1710.94,1723.98,1707.62,1720.63,24597177,2936081455539,968362954170900
2021-08-10,1722.22,1726.37,1703.97,1713.56,31742068,3678948010800,958141475795400
2021-08-11,1706.27,1713.48,1698.92,1703.57,50793742,5543180866624,942941194215700
2021-08-12,1704.78,1722.99,1704.78,1710.74,73050504,7690505171575,935276936670200
2021-08-13,1713.12,1715.69,1686.44,1698.0,79781453,7520348707555,918454541062400
2021-08-17,1691.74,1700.83,1665.66,1673.44,47090164,5077707436044,910265030635400
2021-08-18,1672.87,1691.46,1662.8,1681.56,43306812,4318821272194,912137426367900
2021-08-19,1673.67,1685.3,1654.17,1655.49,36277761,3970525063950,900933571912300
2021-08-20,1661.58,1667.91,1631.79,1638.28,35784819,3925213171740,894311774548300
2021-08-23,1649.55,1668.67,1636.96,1654.33,32249753,4317678994510,900203269298500
2021-08-24,1669.08,1677.31,1649.08,1662.59,32367966,4211812377550,915916003716400
2021-08-25,1665.59,1674.68,1650.52,1664.95,31658566,3636720710780,916560818762700
2021-08-26,1666.37,1677.1,1652.29,1658.16,26060996,3038231622000,908001217660500
2021-08-27,1648.24,1664.06,1641.53,1662.57,23863902,2910102525291,906619305275700
2021-08-30,1680.66,1683.13,1661.84,1666.03,19354198,2358447676575,909518780480700
2021-08-31,1667.93,1699.63,1659.45,1699.63,38285053,4540778992093,931115944786700
2021-09-01,1701.9,1708.97,1688.46,1695.83,27684062,3663940957992,930863148498600
2021-09-02,1690.04,1695.38,1665.93,1671.18,23964619,3275785816311,919617403667100
2021-09-03,1679.01,1692.52,1673.64,1689.2,20717726,2901550122198,928588483886300
2021-09-06,1686.32,1694.97,1681.99,1694.97,20032740,2515831761200,933884500607400
2021-09-07,1694.33,1697.69,1679.35,1686.2,19519815,2349110579102,923943948506500
2021-09-08,1674.37,1676.89,1643.11,1650.92,39059579,5635923607412,912854663122300
2021-09-09,1631.78,1637.27,1605.23,1611.48,42252057,5498183819094,894275727712500
2021-09-10,1610.49,1619.38,1600.36,1605.54,29243471,3822234263048,894840623475000
2021-09-13,1594.28,1607.55,1583.16,1595.2,25994403,3283407891906,897726101804700
2021-09-14,1593.81,1611.55,1589.61,1602.42,44489584,5385506406587,900860167650800
2021-09-15,1600.49,1611.34,1596.61,1601.66,28502259,3546251761930,902108046486600
2021-09-16,1605.69,1607.66,1577.13,1586.02,25418192,3267729449350,891677821329500
2021-09-17,1584.54,1594.89,1579.73,1590.7,28712404,3360553253769,899583571771700
2021-09-23,1585.45,1601.96,1582.49,1598.72,30714451,3934531408589,902516350918400
2021-09-24,1604.63,1607.87,1587.49,1591.41,23501384,2902064536357,900827242213700
2021-09-27,1590.53,1597.89,1583.08,1588.74,20461605,2521368199823,902741183535200
2021-09-28,1584.04,1585.92,1558.69,1561.29,26354033,3134807151070,887401108371200
2021-09-29,1538.02,1552.0,1527.69,1546.14,38498625,4062156024090,869552751472300
2021-09-30,1538.4,1560.05,1532.0,1554.09,32053566,3503542102295,873166848518400
2021-10-01,1549.34,1552.46,1518.23,1520.5,25863357,2853703458180,858294582615600
2021-10-05,1502.24,1502.24,1464.58,1473.4,39269751,4347737274827,838828105902100
2021-10-06,1486.42,1501.77,1458.7,1458.7,33172493,3746477283600,830372078132400
2021-10-07,1476.08,1497.67,1469.83,1495.31,28472626,3313090544567,842181962826600
2021-10-08,1513.46,1525.21,1500.03,1515.46,27945329,3249571232791,845636552166800
2021-10-12,1512.77,1514.87,1480.78,1486.28,44656148,4516434827222,823260702459400
2021-10-13,1486.33,1520.33,1486.33,1514.77,35399593,3568863830925,830362202170400
2021-10-14,1532.65,1547.14,1529.26,1547.14,30517101,3440867360200,844280064015700
2021-10-15,1558.42,1561.12,1545.6,1554.34,27592282,2835966047077,851618292013600
2021-10-18,1553.33,1564.99,1540.72,1548.76,20949332,2334955859550,850267939394900
2021-10-19,1558.35,1572.1,1554.08,1571.02,17788760,2128870380400,859649702087100
2021-10-20,1584.5,1591.56,1569.87,1570.53,20675465,2543142217150,858418460208600
2021-10-21,1571.27,1575.43,1555.14,1558.85,18940470,2231409676244,853818397001700
2021-10-22,1559.82,1571.78,1550.72,1565.65,14628766,1737568887700,857618716886300
2021-10-25,1563.18,1574.06,1546.59,1567.27,18287044,2093118840100,857042157772600
2021-10-26,1583.69,1593.79,1576.3,1590.93,18674477,2213734036025,869464959329600
2021-10-27,1590.82,1595.91,1579.13,1586.59,18038470,2023647224336,863093685446500
2021-10-28,1592.21,1608.19,1589.39,1589.39,34997068,3733216485514,869065815561500
2021-10-29,1594.95,1598.23,1552.05,1555.15,28707333,3326981521904,854394650749700
2021-11-01,1559.07,1568.1,1552.77,1559.12,18905414,2168438778130,857207429169100
2021-11-02,1564.05,1588.5,1564.05,1576.01,24877596,2578405117200,870817777418500
2021-11-03,1577.9,1578.39,1546.03,1551.69,21770492,2540468557094,856227722806500
2021-11-04,1568.46,1586.21,1568.46,1576.2,24519007,3053662503402,865175221543500
2021-11-05,1588.4,1589.77,1563.29,1577.84,22984823,2488918002234,863411089700500
2021-11-08,1576.56,1576.56,1547.19,1560.32,21482808,2438453184029,860716209016200
2021-11-09,1560.24,1576.32,1553.2,1567.44,20317863,2358475621200,863095723856500
2021-11-10,1559.74,1567.63,1548.29,1554.21,17439955,2158034321900,856933302849000
2021-11-11,1539.95,1548.3,1533.27,1547.49,20343740,2433120480800,853529819147800
2021-11-12,1568.65,1570.86,1556.14,1562.18,18398322,2235954646310,861179246335100
2021-11-15,1578.49,1594.7,1570.11,1586.99,25924485,3297824277096,873230323870500
2021-11-16,1581.89,1587.69,1571.91,1576.57,20945229,2473126539219,870556836735400
2021-11-17,1580.19,1582.58,1555.31,1560.09,20135949,2329337127800,862106547704500
2021-11-18,1557.97,1565.6,1547.41,1554.0,17471274,2059339186612,858315494831700
2021-11-19,1560.14,1573.04,1556.06,1564.77,19748150,2274760326712,866806514854600
2021-11-22,1570.29,1606.83,1567.46,1602.76,45267658,4796903991525,900027622757900
2021-11-23,1595.84,1595.84,1564.56,1569.2,34066261,3742863020252,892442394363900
2021-11-24,1571.17,1577.71,1551.6,1562.65,24917347,2786805978500,888086601764300
2021-11-25,1567.35,1567.71,1549.56,1551.33,21576026,2364077534460,879010523474300
2021-11-26,1542.01,1553.85,1522.94,1527.52,23495279,2696290775419,863730037431700
2021-11-29,1518.83,1527.65,1503.47,1510.4,27958577,3029035639020,859165084730400
2021-11-30,1525.92,1530.53,1473.09,1479.45,48588893,5257514071713,844616209292100
2021-12-01,1494.81,1524.4,1484.26,1518.32,32561728,3375951909600,872754416546900
2021-12-02,1506.32,1540.0,1505.98,1539.55,36826677,3952622038197,887370591364200
2021-12-03,1532.9,1548.53,1520.23,1538.98,28055605,3040974728395,885548898724500
2021-12-06,1528.79,1541.31,1515.93,1535.94,25724804,2714834080390,887917296121300
2021-12-07,1534.85,1540.47,1524.28,1538.05,29086021,3038515012550,895310946906100
2021-12-08,1555.55,1569.15,1549.8,1552.87,33977674,3831847059400,899551171840900
2021-12-09,1556.89,1567.6,1554.23,1565.44,34784057,4034814171639,908650934786700
2021-12-10,1552.39,1556.79,1544.69,1554.03,15872360,1893134724632,934547483385300
2021-12-13,1562.75,1574.02,1543.04,1543.47,24094644,2686396582550,930502182064000
2021-12-14,1534.35,1539.96,1525.91,1533.09,17871367,2273118745821,928188853446600
2021-12-15,1527.43,1535.52,1524.61,1532.71,15783255,1991535199188,932248578559600
2021-12-16,1552.28,1557.89,1540.49,1550.74,20114101,2596476521064,939684812201400
2021-12-17,1536.06,1548.7,1530.82,1540.72,21791189,2638231829345,936760924154700
2021-12-20,1535.16,1535.41,1501.18,1501.69,20720001,2760594537011,918607019820800
2021-12-21,1510.68,1513.17,1495.53,1505.33,22649767,2824387338503,926465514240400
2021-12-22,1512.94,1516.42,1495.55,1500.35,25387909,3020095802200,932658025176800
2021-12-23,1507.39,1509.25,1494.43,1506.16,19951106,2335366419946,936960768393900
2021-12-24,1512.93,1526.95,1511.95,1516.01,19632646,2389380152425,943217881940700
2021-12-27,1517.53,1521.74,1509.63,1509.63,17209033,1997000448900,938601356686600
2021-12-28,1514.75,1526.11,1503.63,1526.11,29800274,3501412854872,943975156318000
2021-12-29,1526.1,1526.79,1510.56,1512.04,29594864,3282062395700,932003448048800
2021-12-30,1525.47,1527.38,1500.09,1503.78,24180789,2864896958833,928538763460400
2022-01-03,1515.04,1523.5,1501.35,1505.93,21581682,2429800149450,929940034916700
2022-01-04,1506.61,1510.18,1494.18,1497.75,22054559,2782100682900,927428188943000
2022-01-05,1498.07,1499.24,1469.86,1480.74,46070438,5264177222331,913397947999800
2022-01-06,1460.33,1477.49,1455.79,1460.7,29749942,3838965542054,903880016311700
2022-01-07,1470.56,1483.61,1469.63,1475.56,27550370,3597275184784,916521872696900
2022-01-10,1476.34,1476.34,1445.37,1454.21,23899911,3065520494980,907182912292600
2022-01-11,1462.7,1475.89,1462.12,1472.09,25898970,3183000073050,917738065010200
2022-01-12,1488.16,1504.57,1486.22,1501.99,22091963,3125139410600,928035106198200
2022-01-13,1505.24,1505.24,1491.15,1497.72,24272575,3072207442470,922043036060800
2022-01-14,1477.7,1480.53,1446.11,1453.42,21549749,2735501406437,906477931496100
2022-01-17,1444.99,1451.98,1420.75,1430.52,20542063,2625255839000,900926182991400
2022-01-18,1439.54,1441.38,1419.71,1423.76,19192793,2522998481500,895564873031400
2022-01-19,1407.28,1425.41,1403.4,1410.74,24238193,2995532394788,887059798464000
2022-01-20,1403.38,1428.04,1396.89,1426.99,22113245,2826605980102,893072888090400
2022-01-21,1415.79,1422.43,1402.17,1410.5,29112635,3204068024000,881416948886700
2022-01-24,1400.87,1407.3,1386.59,1396.93,24225785,2676265227700,873993835139500
2022-01-25,1391.83,1393.61,1343.63,1355.24,32514405,3653346141183,855133140878000
2022-01-26,1359.82,1364.11,1342.61,1344.2,23662686,2791468715400,847323540740400
2022-01-27,1344.2,1352.42,1290.12,1291.61,40481287,4608968372000,818089970824700
2022-01-28,1294.63,1333.54,1284.6,1329.1,35757850,4158730034586,842789431313000
2022-02-03,1356.9,1376.78,1356.5,1356.5,31167941,3562116979381,853022837084500
2022-02-04,1359.19,1370.49,1353.22,1362.71,21320286,2414126753363,859246360293900
2022-02-07,1360.35,1360.35,1326.96,1337.92,25922117,2829604033532,846079079883900
2022-02-08,1346.32,1359.4,1332.46,1340.21,23057606,3064447324310,849646924181800
2022-02-09,1350.43,1351.05,1337.21,1342.92,19537604,2370937316550,856890965537100
2022-02-10,1356.09,1366.48,1350.86,1363.57,33297726,3884258092776,868923792923400
2022-02-11,1347.8,1363.75,1340.32,1350.6,28738228,3256027506783,863030984040200
2022-02-14,1329.64,1341.02,1323.25,1328.29,27238723,3004735177900,849999253405800
2022-02-15,1336.35,1339.44,1311.94,1317.25,20062363,2331308357200,844571282840500
2022-02-16,1346.96,1355.17,1341.81,1350.53,20011616,2301051643368,861988077465400
2022-02-17,1352.15,1368.06,1337.15,1356.25,26397433,2995774509398,865400844023600
2022-02-18,1339.83,1350.71,1332.37,1345.16,18242599,1992778258128,857707701706800
2022-02-21,1324.41,1352.41,1314.35,1348.44,20150139,2249401003000,857381269151000
2022-02-22,1329.24,1336.58,1318.1,1330.7,19911745,2265182002691,846910250614700
2022-02-23,1341.96,1343.23,1320.79,1327.8,17447840,1905573222550,843868496782100
2022-02-24,1307.29,1307.39,1268.92,1272.69,30710740,3386649532004,817853819828800
2022-02-25,1290.7,1301.96,1282.6,1297.02,24516343,2693716235500,828063200396000
2022-02-28,1287.58,1310.81,1278.67,1310.43,28096501,2849903077500,832884078124700
2022-03-02,1309.98,1311.58,1296.32,1301.51,22675582,2441698592460,828737168771500
2022-03-03,1316.23,1341.51,1314.65,1336.31,23623596,2537630680540,846371316700200
2022-03-04,1327.02,1328.13,1301.45,1302.15,21714989,2341684194094,826674784429900
2022-03-07,1283.54,1283.54,1257.72,1266.23,30650018,3139112820900,806144683473800
2022-03-08,1244.46,1273.53,1240.95,1259.25,25967790,2621697547375,799957007150800
2022-03-10,1285.35,1296.77,1283.3,1294.66,37293668,4120083606504,821965150040900
2022-03-11,1285.94,1294.78,1269.12,1277.44,27483494,3086776836834,809133522696000
2022-03-14,1277.97,1284.06,1268.58,1280.31,22062492,2800065698706,810501186412600
2022-03-15,1270.5,1279.24,1266.03,1269.9,19849023,2318460994790,802326120273400
2022-03-16,1288.23,1295.41,1274.9,1294.81,19914745,2224641204981,815891716210700
2022-03-17,1324.03,1340.33,1323.11,1325.12,34033117,3972252479950,832325213309300
2022-03-18,1329.64,1336.84,1324.58,1333.82,26243013,2952028435700,832633593711500
2022-03-21,1340.13,1341.27,1311.47,1314.7,21318839,2288700616100,822209145444000
2022-03-22,1305.41,1319.84,1304.09,1317.68,20776277,2433133366430,826987642943600
2022-03-23,1326.81,1336.24,1319.72,1330.0,23183479,2578163560235,831929401719100
2022-03-24,1319.92,1326.84,1308.86,1325.5,48108857,4337449152100,825561986954200
2022-03-25,1333.85,1334.65,1313.27,1315.55,23835306,2659441296900,821622589156700
2022-03-28,1308.73,1319.69,1299.31,1314.95,19948755,1982533603300,820652954256800
2022-03-29,1325.97,1332.83,1317.63,1327.11,21028263,2064229464030,827611110732600
2022-03-30,1345.79,1352.0,1341.67,1347.99,21765856,2436116101650,832535438968900
2022-03-31,1343.2,1354.34,1338.14,1348.73,21455510,2442830959068,830252556770500
2022-04-01,1341.56,1341.68,1330.57,1334.1,23885309,2386256225540,822253000409900
2022-04-04,1324.47,1337.91,1315.59,1335.43,17029833,1731005115759,824106882375900
2022-04-05,1343.7,1349.05,1338.11,1346.72,14402961,1660117303996,827058773183100
2022-04-06,1333.02,1338.25,1328.93,1333.58,26473734,2591687861592,817176290124300
2022-04-07,1319.86,1325.5,1310.94,1313.24,32486400,3047682641000,807927565415200
2022-04-08,1315.87,1320.71,1298.26,1306.76,25585159,2476699479152,804558361345300
2022-04-11,1295.88,1310.51,1291.35,1298.78,21047001,2028865325500,801653583019100
2022-04-12,1283.86,1295.99,1278.14,1285.39,22007148,2123287094700,792359181143700
2022-04-13,1290.01,1313.12,1288.92,1311.95,24166282,2270509129600,810241812789100
2022-04-14,1311.92,1316.44,1300.88,1311.2,26190169,2703777178600,803388155124700
2022-04-15,1294.88,1305.69,1286.04,1295.35,20422437,1948688036900,793221267287300
2022-04-18,1286.65,1296.9,1285.14,1292.95,15355656,1417633202900,793047884495300
2022-04-19,1301.79,1311.15,1299.85,1307.78,19110264,1770225531051,801805380610300
2022-04-20,1309.49,1315.66,1300.98,1310.13,24776848,2266267452375,802688229295800
2022-04-21,1310.27,1316.95,1306.07,1307.14,21487783,2125865276780,803239666358900
2022-04-22,1293.48,1293.48,1283.32,1286.44,19696319,2103098238400,792158660953100
2022-04-25,1269.95,1276.53,1261.16,1267.56,19850138,2100160422100,781333594973900
2022-04-26,1284.5,1300.59,1284.05,1291.77,26295703,2739076869448,786866158064700
2022-04-27,1275.4,1285.26,1265.68,1283.96,28299900,2747189147211,777119539578500
2022-04-28,1298.49,1306.58,1289.37,1305.91,24970222,2523689339780,787381174085200
2022-04-29,1306.18,1325.11,1304.28,1323.28,34868779,3275303283060,808152569152000
2022-05-02,1309.61,1320.87,1308.58,1316.14,20795196,1965832093700,804565981710100
2022-05-03,1314.12,1322.94,1306.83,1312.7,21039632,2029609390300,804673720736000
2022-05-04,1317.46,1323.12,1298.26,1306.23,18105005,1740112170422,804640997823000
2022-05-06,1294.56,1294.56,1283.92,1288.85,23963904,2327961524149,789991676164100
2022-05-09,1284.13,1291.02,1271.77,1273.98,18337934,1795757088898,784000260466800
2022-05-10,1267.53,1277.54,1250.73,1275.68,28299033,2820822021760,783271332075800
2022-05-11,1269.33,1290.39,1267.09,1286.53,21885819,2158937304800,786642168152600
2022-05-12,1272.14,1277.37,1251.93,1253.79,28023851,2678933944162,771525571585300
2022-05-13,1260.24,1273.03,1257.79,1272.09,25127425,2491084324848,788121428571000
2022-05-16,1285.16,1288.34,1258.77,1258.77,20985611,2003684290500,782304713225000
2022-05-17,1263.86,1270.76,1259.44,1267.88,21945920,1970640108240,792641301839800
2022-05-18,1280.66,1285.67,1270.17,1277.26,24833033,2331321797997,799209056097700
2022-05-19,1248.86,1262.18,1246.67,1255.64,25715522,2378131753808,788760503064000
2022-05-20,1263.68,1288.49,1262.03,1287.2,19277048,2066772475259,801672693292300
2022-05-23,1295.55,1298.78,1285.56,1294.5,20307311,1977268394500,803583393598700
2022-05-24,1287.49,1290.41,1264.08,1264.61,23611536,2275423523800,784901191754800
2022-05-25,1274.8,1281.85,1261.94,1272.51,23776395,2301357660000,786485338147300
2022-05-26,1276.24,1287.06,1260.15,1265.78,28681766,2719752205900,780121716699800
2022-05-27,1282.18,1287.42,1274.66,1280.27,18942973,1901318108170,788689876677200
2022-05-30,1293.73,1297.9,1281.21,1295.67,21306672,2144156532551,800730842148500
2022-05-31,1293.62,1313.79,1287.05,1313.79,37110427,3949878812017,804924731604900
2022-06-02,1304.98,1307.66,1294.18,1300.0,22583767,2262569725328,796879102445400
2022-06-03,1312.62,1316.04,1303.42,1306.33,15202991,1617167643400,799501777706900
2022-06-07,1294.28,1295.98,1264.83,1267.31,28271876,2729273584800,778556984657300
2022-06-08,1274.21,1288.45,1272.85,1277.3,20247731,1982091481864,781418693468600
2022-06-09,1273.15,1278.0,1263.34,1278.0,36699343,3391009749856,780070311215500
2022-06-10,1262.77,1269.27,1258.3,1266.23,30438505,2621083524900,768805685725000
2022-06-13,1239.69,1240.19,1217.44,1220.88,32958345,2879353489592,743668921027400
2022-06-14,1204.54,1218.08,1193.97,1210.03,34690741,2990418438700,739603078766200
2022-06-15,1212.34,1217.22,1185.89,1194.54,36457692,2915867211234,728457120686600
2022-06-16,1217.57,1229.73,1197.21,1200.44,32968775,2824496770797,731788532250500
2022-06-17,1175.38,1199.38,1170.95,1198.5,41008893,3509107181633,725211711080600
2022-06-20,1205.88,1206.69,1173.28,1185.16,41810893,3074791021475,714395267184200
2022-06-21,1192.93,1204.89,1183.87,1196.92,32113181,2447776529944,716922060237600
2022-06-22,1197.84,1200.7,1170.98,1170.98,32314975,2631335663800,702705789268800
2022-06-23,1172.84,1192.97,1166.01,1171.79,38926375,3117821740695,700901513065600
2022-06-24,1180.56,1207.25,1174.09,1202.95,33132683,2782241141700,715546944566000
2022-06-27,1214.5,1236.12,1208.77,1225.27,28182627,2553283638135,724535935413400
2022-06-28,1224.65,1240.61,1219.68,1240.61,20480258,1854353442050,732957561943000
2022-06-29,1216.91,1221.58,1200.45,1204.85,26181455,2474227395696,713677590318900
2022-06-30,1200.79,1209.67,1187.34,1187.34,29763500,2733270458052,701255288333400
2022-07-01,1193.52,1202.92,1160.93,1169.63,35422860,2821920825207,690020069442600
2022-07-04,1172.3,1179.39,1159.1,1171.66,26764573,2186380861900,696094988307200
2022-07-05,1184.23,1200.72,1177.22,1199.76,23606576,2078106524924,706466172087800
2022-07-06,1192.21,1209.04,1184.57,1189.53,28135134,2438783561400,698614532414300
2022-07-07,1200.08,1215.71,1198.97,1209.09,29623670,2338370525860,715277901206900
2022-07-08,1224.19,1228.88,1210.51,1213.97,23442284,2120988451236,720429268318900
2022-07-11,1215.56,1221.96,1207.58,1208.71,19316348,1766165466463,718554776812300
2022-07-12,1204.2,1208.11,1192.79,1203.53,15853893,1475588859600,712846238100700
2022-07-13,1207.03,1221.87,1206.48,1215.7,18364029,1709860652600,715955730286500
2022-07-14,1209.38,1223.25,1203.81,1214.84,22914744,2034182765131,712957254293700
2022-07-15,1221.18,1222.15,1197.35,1216.79,28354426,2417571755300,728627957589300
2022-07-18,1227.67,1235.52,1218.88,1234.15,30425016,2577973520481,745305113288500
2022-07-19,1233.31,1239.8,1228.45,1237.66,22257119,1877497669040,740632651827000
2022-07-20,1261.91,1263.55,1246.82,1249.34,26230653,2358015580500,742941025506600
2022-07-21,1250.89,1266.16,1249.78,1261.72,20952268,2163747724150,754058693123200
2022-07-22,1258.72,1266.81,1249.87,1252.72,19581191,1877442828390,748377101052900
2022-07-25,1252.66,1264.77,1251.07,1259.35,16432004,1629706727800,748624965621100
2022-07-26,1252.81,1263.24,1247.84,1263.24,11649536,1216773637600,753082725047400
2022-07-27,1269.96,1270.49,1251.76,1262.58,15592360,1716556271500,753363572452000
2022-07-28,1276.94,1279.77,1268.36,1278.21,19167810,2112827188000,759053574231900
2022-07-29,1291.0,1296.83,1279.14,1285.92,25764454,2685624823900,758386995802700
2022-08-01,1281.57,1291.78,1277.74,1287.76,19206387,1878750995132,758769335567800
2022-08-02,1290.0,1290.0,1274.86,1279.73,20518531,1859219873416,758139259064200
2022-08-03,1280.54,1296.82,1275.39,1296.82,17735936,1780261860660,761736935301600
2022-08-04,1306.81,1312.33,1300.54,1310.48,20194533,2028191645705,766658815287300
2022-08-05,1318.3,1329.51,1315.72,1323.77,18686015,2173817521568,770844448299700
2022-08-08,1315.42,1327.21,1314.84,1327.21,20018331,2025119722144,766618885946300
2022-08-09,1331.75,1345.5,1327.88,1342.28,27155321,2611030615500,765923586802200
2022-08-10,1335.1,1338.02,1319.06,1321.35,26442378,2282798608494,753286261060200
2022-08-11,1340.35,1345.86,1329.97,1339.6,25739671,2385498425420,763898686223800
2022-08-12,1336.31,1342.53,1329.25,1341.87,17130875,1620942840400,766701569234800
2022-08-16,1353.74,1354.94,1341.34,1345.29,23978699,2173584773676,772799005759700
2022-08-17,1342.75,1344.88,1321.14,1326.43,16712765,1720802597352,763287176229000
2022-08-18,1311.53,1312.09,1297.97,1306.44,25123137,2260556446364,763565511159600
2022-08-19,1310.65,1311.94,1298.34,1299.19,13944983,1352331915815,758281512652600
2022-08-22,1284.3,1293.37,1280.57,1283.54,14241649,1337520822989,748006133243300
2022-08-23,1277.87,1281.82,1257.81,1262.21,15416350,1540202293700,735995501753600
2022-08-24,1268.52,1272.23,1252.65,1259.05,14142657,1339970358700,734405837322100
2022-08-25,1266.33,1276.77,1257.89,1276.77,11776669,1189911066900,743773547187300
2022-08-26,1282.82,1288.84,1269.31,1271.89,15142958,1391480862950,745024524795300
2022-08-29,1247.58,1247.79,1231.93,1239.78,16799009,1550354260972,726755159316700
2022-08-30,1248.0,1261.23,1244.01,1258.8,14949593,1356906115800,733661954518400
2022-08-31,1247.53,1276.91,1245.52,1275.45,21329114,1917775204760,744225827744000
2022-09-01,1257.88,1259.58,1241.58,1252.23,21739385,1896218235541,729250299238300
2022-09-02,1262.97,1268.29,1242.08,1246.19,22163386,1953374586951,722686070100800
2022-09-05,1248.32,1252.8,1233.06,1240.35,16579284,1455573064073,718465074524500
2022-09-06,1243.12,1249.33,1235.02,1241.4,11576781,1047149930295,718993655515000
2022-09-07,1233.54,1235.97,1222.06,1231.7,24708088,1968049911200,709665014083600
2022-09-08,1243.77,1247.71,1235.33,1240.3,25078080,2147763673300,709800038167800
2022-09-13,1256.0,1279.38,1255.9,1276.42,26517210,2374888824555,736408163638100
2022-09-14,1239.27,1262.63,1235.18,1257.02,20234257,1916400743800,723107414421800
2022-09-15,1257.75,1265.2,1244.34,1245.28,16968367,1540982947150,714405561158300
2022-09-16,1236.26,1241.84,1228.3,1232.53,20584902,1905919341676,711401702351500
2022-09-19,1235.94,1238.46,1225.72,1229.38,18007605,1552137892500,711410833550900
2022-09-20,1238.15,1239.75,1222.8,1228.69,21659500,1902791694299,706742003935900
2022-09-21,1220.69,1222.46,1204.06,1209.43,18490916,1584964621500,698457693281900
2022-09-22,1190.29,1200.91,1186.47,1197.09,19718716,1658815243300,689096768328000
2022-09-23,1196.5,1197.27,1174.07,1178.4,18977928,1667584197155,682968402324700
2022-09-26,1162.48,1163.84,1144.61,1146.85,24413699,2086505021300,669751018708500
2022-09-27,1148.85,1151.44,1133.34,1148.71,24451770,1941871831209,671464050042600
2022-09-28,1138.52,1149.92,1113.14,1123.5,29808256,2363607837477,656814045528100
2022-09-29,1143.93,1154.1,1130.95,1132.71,21838136,1863809932700,658416645477300
2022-09-30,1128.77,1139.32,1116.88,1124.96,33622466,2587231042016,659050595742000
2022-10-04,1140.3,1143.27,1129.04,1131.61,32362333,2882915456054,673488186290400
2022-10-05,1150.84,1152.83,1121.4,1127.38,41336121,3771853308352,677738500275700
2022-10-06,1135.84,1147.59,1127.9,1139.58,26649345,2392626578768,683472327982600
2022-10-07,1129.33,1135.45,1120.01,1128.46,29722991,2413913016165,680402176611400
2022-10-11,1103.21,1114.49,1096.08,1114.49,33682278,2639187702801,671636459446400
2022-10-12,1114.5,1126.01,1110.07,1125.81,29748447,2450776191950,679052740822250
2022-10-13,1123.78,1124.14,1109.2,1109.43,25149987,2115717771120,670761982092900
2022-10-14,1130.38,1137.52,1122.71,1132.84,24459877,2041152494235,683093751350400
2022-10-17,1116.01,1132.52,1109.23,1129.71,29412153,2203118486864,684785845312250
2022-10-18,1148.68,1151.37,1132.89,1151.37,29215131,2368843367200,690965817123600
2022-10-19,1144.97,1158.61,1136.21,1137.86,26200105,2295525485580,682393649495800
2022-10-20,1130.04,1130.59,1106.41,1119.19,30000421,2419290554705,673870513783550
2022-10-21,1121.67,1139.67,1121.67,1131.41,20612439,1972021938704,679781902135650
2022-10-24,1150.82,1154.33,1137.74,1140.65,27825733,2426139424600,692034032780050
2022-10-25,1143.93,1155.78,1139.31,1149.52,27007288,2361207726402,695904820943400
2022-10-26,1155.73,1163.16,1146.0,1156.05,31947560,2820604814710,707332499791700
2022-10-27,1162.61,1175.59,1162.01,1175.07,33564365,3203283848542,711373818736750
2022-10-28,1165.81,1179.82,1163.52,1166.02,34642498,2998274507165,694770861299150
2022-10-31,1181.15,1185.62,1168.97,1185.62,33074246,3016741972911,711540915443300
2022-11-01,1185.82,1205.96,1182.04,1205.14,26560124,2519081197468,722124011557300
2022-11-02,1199.03,1203.57,1192.0,1196.13,26033257,2561036950549,717066123530200
2022-11-03,1171.91,1193.48,1170.92,1185.83,29211546,2481108084978,711411448451100
2022-11-04,1181.09,1193.96,1177.19,1192.52,22416603,1945241222834,715375019194900
2022-11-07,1205.51,1208.71,1198.5,1206.58,23500555,2207420085550,724887647678550
2022-11-08,1214.13,1222.27,1204.45,1219.75,31513524,2866446705300,737949255630000
2022-11-09,1223.1,1234.33,1217.92,1229.82,25595373,2315711712544,742653623440400
2022-11-10,1219.55,1232.33,1215.59,1215.59,31861236,2753031314248,729948400075600
2022-11-11,1254.59,1270.41,1252.6,1267.28,49595265,4257708994743,760252760746600
2022-11-14,1271.05,1277.01,1258.65,1260.4,30577722,2960792282080,752239918649300
2022-11-15,1264.5,1264.5,1243.05,1251.16,22046519,2329404205506,752339102020600
2022-11-16,1255.65,1255.79,1227.62,1237.07,22364870,2210195044766,749800568233400
2022-11-17,1227.05,1231.73,1218.9,1218.9,22349742,1971864349500,736748510112200
